--
-- PostgreSQL database dump
--

-- Dumped from database version 15.3
-- Dumped by pg_dump version 15.3

-- Started on 2023-08-31 18:42:23

SET statement_timeout = 0;
SET lock_timeout = 0;
SET idle_in_transaction_session_timeout = 0;
SET client_encoding = 'UTF8';
SET standard_conforming_strings = on;
SELECT pg_catalog.set_config('search_path', '', false);
SET check_function_bodies = false;
SET xmloption = content;
SET client_min_messages = warning;
SET row_security = off;

SET default_tablespace = '';

SET default_table_access_method = heap;

--
-- TOC entry 225 (class 1259 OID 17849)
-- Name: Departments; Type: TABLE; Schema: public; Owner: postgres
--

CREATE TABLE public."Departments" (
    id bigint NOT NULL,
    name character varying(255) NOT NULL
);


ALTER TABLE public."Departments" OWNER TO postgres;

--
-- TOC entry 224 (class 1259 OID 17848)
-- Name: Departments_id_seq; Type: SEQUENCE; Schema: public; Owner: postgres
--

ALTER TABLE public."Departments" ALTER COLUMN id ADD GENERATED BY DEFAULT AS IDENTITY (
    SEQUENCE NAME public."Departments_id_seq"
    START WITH 1
    INCREMENT BY 1
    NO MINVALUE
    NO MAXVALUE
    CACHE 1
);


--
-- TOC entry 235 (class 1259 OID 17893)
-- Name: Events; Type: TABLE; Schema: public; Owner: postgres
--

CREATE TABLE public."Events" (
    id bigint NOT NULL,
    name character varying(255) NOT NULL,
    description character varying(255) NOT NULL,
    datetime timestamp with time zone NOT NULL,
    is_check boolean NOT NULL,
    is_finished boolean NOT NULL,
    photo character varying(100) NOT NULL,
    location_id_id bigint NOT NULL,
    recipient_id_id bigint NOT NULL
);


ALTER TABLE public."Events" OWNER TO postgres;

--
-- TOC entry 234 (class 1259 OID 17892)
-- Name: Events_id_seq; Type: SEQUENCE; Schema: public; Owner: postgres
--

ALTER TABLE public."Events" ALTER COLUMN id ADD GENERATED BY DEFAULT AS IDENTITY (
    SEQUENCE NAME public."Events_id_seq"
    START WITH 1
    INCREMENT BY 1
    NO MINVALUE
    NO MAXVALUE
    CACHE 1
);


--
-- TOC entry 233 (class 1259 OID 17881)
-- Name: Locations; Type: TABLE; Schema: public; Owner: postgres
--

CREATE TABLE public."Locations" (
    id bigint NOT NULL,
    name character varying(255) NOT NULL,
    address character varying(255) NOT NULL,
    lat numeric(8,6),
    lon numeric(9,6),
    phone character varying(128) NOT NULL,
    email character varying(254) NOT NULL,
    photo character varying(100) NOT NULL,
    is_active boolean NOT NULL,
    department_id_id bigint NOT NULL
);


ALTER TABLE public."Locations" OWNER TO postgres;

--
-- TOC entry 232 (class 1259 OID 17880)
-- Name: Locations_id_seq; Type: SEQUENCE; Schema: public; Owner: postgres
--

ALTER TABLE public."Locations" ALTER COLUMN id ADD GENERATED BY DEFAULT AS IDENTITY (
    SEQUENCE NAME public."Locations_id_seq"
    START WITH 1
    INCREMENT BY 1
    NO MINVALUE
    NO MAXVALUE
    CACHE 1
);


--
-- TOC entry 227 (class 1259 OID 17857)
-- Name: Users; Type: TABLE; Schema: public; Owner: postgres
--

CREATE TABLE public."Users" (
    id bigint NOT NULL,
    password character varying(128) NOT NULL,
    last_login timestamp with time zone,
    is_superuser boolean NOT NULL,
    username character varying(50) NOT NULL,
    name character varying(255) NOT NULL,
    surname character varying(255) NOT NULL,
    middle_name character varying(255) NOT NULL,
    staff character varying(2) NOT NULL,
    phone character varying(128) NOT NULL,
    email character varying(254) NOT NULL,
    photo character varying(100) NOT NULL,
    date_joined timestamp with time zone NOT NULL,
    is_check boolean NOT NULL,
    is_active boolean NOT NULL,
    department_id_id bigint
);


ALTER TABLE public."Users" OWNER TO postgres;

--
-- TOC entry 229 (class 1259 OID 17869)
-- Name: Users_groups; Type: TABLE; Schema: public; Owner: postgres
--

CREATE TABLE public."Users_groups" (
    id bigint NOT NULL,
    user_id bigint NOT NULL,
    group_id integer NOT NULL
);


ALTER TABLE public."Users_groups" OWNER TO postgres;

--
-- TOC entry 228 (class 1259 OID 17868)
-- Name: Users_groups_id_seq; Type: SEQUENCE; Schema: public; Owner: postgres
--

ALTER TABLE public."Users_groups" ALTER COLUMN id ADD GENERATED BY DEFAULT AS IDENTITY (
    SEQUENCE NAME public."Users_groups_id_seq"
    START WITH 1
    INCREMENT BY 1
    NO MINVALUE
    NO MAXVALUE
    CACHE 1
);


--
-- TOC entry 226 (class 1259 OID 17856)
-- Name: Users_id_seq; Type: SEQUENCE; Schema: public; Owner: postgres
--

ALTER TABLE public."Users" ALTER COLUMN id ADD GENERATED BY DEFAULT AS IDENTITY (
    SEQUENCE NAME public."Users_id_seq"
    START WITH 1
    INCREMENT BY 1
    NO MINVALUE
    NO MAXVALUE
    CACHE 1
);


--
-- TOC entry 231 (class 1259 OID 17875)
-- Name: Users_user_permissions; Type: TABLE; Schema: public; Owner: postgres
--

CREATE TABLE public."Users_user_permissions" (
    id bigint NOT NULL,
    user_id bigint NOT NULL,
    permission_id integer NOT NULL
);


ALTER TABLE public."Users_user_permissions" OWNER TO postgres;

--
-- TOC entry 230 (class 1259 OID 17874)
-- Name: Users_user_permissions_id_seq; Type: SEQUENCE; Schema: public; Owner: postgres
--

ALTER TABLE public."Users_user_permissions" ALTER COLUMN id ADD GENERATED BY DEFAULT AS IDENTITY (
    SEQUENCE NAME public."Users_user_permissions_id_seq"
    START WITH 1
    INCREMENT BY 1
    NO MINVALUE
    NO MAXVALUE
    CACHE 1
);


--
-- TOC entry 221 (class 1259 OID 17809)
-- Name: auth_group; Type: TABLE; Schema: public; Owner: postgres
--

CREATE TABLE public.auth_group (
    id integer NOT NULL,
    name character varying(150) NOT NULL
);


ALTER TABLE public.auth_group OWNER TO postgres;

--
-- TOC entry 220 (class 1259 OID 17808)
-- Name: auth_group_id_seq; Type: SEQUENCE; Schema: public; Owner: postgres
--

ALTER TABLE public.auth_group ALTER COLUMN id ADD GENERATED BY DEFAULT AS IDENTITY (
    SEQUENCE NAME public.auth_group_id_seq
    START WITH 1
    INCREMENT BY 1
    NO MINVALUE
    NO MAXVALUE
    CACHE 1
);


--
-- TOC entry 223 (class 1259 OID 17817)
-- Name: auth_group_permissions; Type: TABLE; Schema: public; Owner: postgres
--

CREATE TABLE public.auth_group_permissions (
    id bigint NOT NULL,
    group_id integer NOT NULL,
    permission_id integer NOT NULL
);


ALTER TABLE public.auth_group_permissions OWNER TO postgres;

--
-- TOC entry 222 (class 1259 OID 17816)
-- Name: auth_group_permissions_id_seq; Type: SEQUENCE; Schema: public; Owner: postgres
--

ALTER TABLE public.auth_group_permissions ALTER COLUMN id ADD GENERATED BY DEFAULT AS IDENTITY (
    SEQUENCE NAME public.auth_group_permissions_id_seq
    START WITH 1
    INCREMENT BY 1
    NO MINVALUE
    NO MAXVALUE
    CACHE 1
);


--
-- TOC entry 219 (class 1259 OID 17803)
-- Name: auth_permission; Type: TABLE; Schema: public; Owner: postgres
--

CREATE TABLE public.auth_permission (
    id integer NOT NULL,
    name character varying(255) NOT NULL,
    content_type_id integer NOT NULL,
    codename character varying(100) NOT NULL
);


ALTER TABLE public.auth_permission OWNER TO postgres;

--
-- TOC entry 218 (class 1259 OID 17802)
-- Name: auth_permission_id_seq; Type: SEQUENCE; Schema: public; Owner: postgres
--

ALTER TABLE public.auth_permission ALTER COLUMN id ADD GENERATED BY DEFAULT AS IDENTITY (
    SEQUENCE NAME public.auth_permission_id_seq
    START WITH 1
    INCREMENT BY 1
    NO MINVALUE
    NO MAXVALUE
    CACHE 1
);


--
-- TOC entry 238 (class 1259 OID 17978)
-- Name: authtoken_token; Type: TABLE; Schema: public; Owner: postgres
--

CREATE TABLE public.authtoken_token (
    key character varying(40) NOT NULL,
    created timestamp with time zone NOT NULL,
    user_id bigint NOT NULL
);


ALTER TABLE public.authtoken_token OWNER TO postgres;

--
-- TOC entry 237 (class 1259 OID 17958)
-- Name: django_admin_log; Type: TABLE; Schema: public; Owner: postgres
--

CREATE TABLE public.django_admin_log (
    id integer NOT NULL,
    action_time timestamp with time zone NOT NULL,
    object_id text,
    object_repr character varying(200) NOT NULL,
    action_flag smallint NOT NULL,
    change_message text NOT NULL,
    content_type_id integer,
    user_id bigint NOT NULL,
    CONSTRAINT django_admin_log_action_flag_check CHECK ((action_flag >= 0))
);


ALTER TABLE public.django_admin_log OWNER TO postgres;

--
-- TOC entry 236 (class 1259 OID 17957)
-- Name: django_admin_log_id_seq; Type: SEQUENCE; Schema: public; Owner: postgres
--

ALTER TABLE public.django_admin_log ALTER COLUMN id ADD GENERATED BY DEFAULT AS IDENTITY (
    SEQUENCE NAME public.django_admin_log_id_seq
    START WITH 1
    INCREMENT BY 1
    NO MINVALUE
    NO MAXVALUE
    CACHE 1
);


--
-- TOC entry 217 (class 1259 OID 17795)
-- Name: django_content_type; Type: TABLE; Schema: public; Owner: postgres
--

CREATE TABLE public.django_content_type (
    id integer NOT NULL,
    app_label character varying(100) NOT NULL,
    model character varying(100) NOT NULL
);


ALTER TABLE public.django_content_type OWNER TO postgres;

--
-- TOC entry 216 (class 1259 OID 17794)
-- Name: django_content_type_id_seq; Type: SEQUENCE; Schema: public; Owner: postgres
--

ALTER TABLE public.django_content_type ALTER COLUMN id ADD GENERATED BY DEFAULT AS IDENTITY (
    SEQUENCE NAME public.django_content_type_id_seq
    START WITH 1
    INCREMENT BY 1
    NO MINVALUE
    NO MAXVALUE
    CACHE 1
);


--
-- TOC entry 215 (class 1259 OID 17787)
-- Name: django_migrations; Type: TABLE; Schema: public; Owner: postgres
--

CREATE TABLE public.django_migrations (
    id bigint NOT NULL,
    app character varying(255) NOT NULL,
    name character varying(255) NOT NULL,
    applied timestamp with time zone NOT NULL
);


ALTER TABLE public.django_migrations OWNER TO postgres;

--
-- TOC entry 214 (class 1259 OID 17786)
-- Name: django_migrations_id_seq; Type: SEQUENCE; Schema: public; Owner: postgres
--

ALTER TABLE public.django_migrations ALTER COLUMN id ADD GENERATED BY DEFAULT AS IDENTITY (
    SEQUENCE NAME public.django_migrations_id_seq
    START WITH 1
    INCREMENT BY 1
    NO MINVALUE
    NO MAXVALUE
    CACHE 1
);


--
-- TOC entry 239 (class 1259 OID 17991)
-- Name: django_session; Type: TABLE; Schema: public; Owner: postgres
--

CREATE TABLE public.django_session (
    session_key character varying(40) NOT NULL,
    session_data text NOT NULL,
    expire_date timestamp with time zone NOT NULL
);


ALTER TABLE public.django_session OWNER TO postgres;

--
-- TOC entry 3478 (class 0 OID 17849)
-- Dependencies: 225
-- Data for Name: Departments; Type: TABLE DATA; Schema: public; Owner: postgres
--

COPY public."Departments" (id, name) FROM stdin;
2	Министерство здоровья
1	Министерство спорта\n
\.


--
-- TOC entry 3488 (class 0 OID 17893)
-- Dependencies: 235
-- Data for Name: Events; Type: TABLE DATA; Schema: public; Owner: postgres
--

COPY public."Events" (id, name, description, datetime, is_check, is_finished, photo, location_id_id, recipient_id_id) FROM stdin;
\.


--
-- TOC entry 3486 (class 0 OID 17881)
-- Dependencies: 233
-- Data for Name: Locations; Type: TABLE DATA; Schema: public; Owner: postgres
--

COPY public."Locations" (id, name, address, lat, lon, phone, email, photo, is_active, department_id_id) FROM stdin;
\.


--
-- TOC entry 3480 (class 0 OID 17857)
-- Dependencies: 227
-- Data for Name: Users; Type: TABLE DATA; Schema: public; Owner: postgres
--

COPY public."Users" (id, password, last_login, is_superuser, username, name, surname, middle_name, staff, phone, email, photo, date_joined, is_check, is_active, department_id_id) FROM stdin;
1	pbkdf2_sha256$600000$xrbUzcJUGaiCoy5DMUWeOA$d3wClDIL1Hs39uSfTdzKngz3F0EplwSShOysEWMurCY=	2023-08-31 18:15:09.863799+03	t	admin	Админ	Администратор		AD				2023-08-31 18:13:48.545336+03	t	t	\N
3	pbkdf2_sha256$600000$pRskDJOdJt7yijIyxnz2vh$acigm/Cmhr1YDRvT1CsLWdH8pbN+K/JzT7skuxyGgo0=	2023-08-31 18:25:00.598247+03	f	coord2	Коорд2	Координатор2	testmiddlename	CO	+79271112223	test@test.test		2023-08-31 18:20:01.436152+03	f	t	\N
4	pbkdf2_sha256$600000$7txSIizJl15NO1jx41xfmZ$OkgSza7lKbnf+sUBtkMuGVGescLLP8AvISVT4rxnxes=	\N	f	rec1	Пол1	Получатель1	testmiddlename	RE	+79274112233	test@test.test		2023-08-31 18:28:21.561818+03	t	t	\N
5	pbkdf2_sha256$600000$SWm5stqCtUehTZP3J8VJ5E$Ph7DSaHGMg4bpHT8AUuao5AyTzN13btCiIC3i1UPK7k=	\N	f	rec2	Пол2	Получатель2	testmiddlename	RE	+79274412233			2023-08-31 18:28:54.423715+03	f	t	\N
6	pbkdf2_sha256$600000$lxKTuCqkgTYZt0mHmiwwi0$RPVopzUXoHbNBbGXGYXwGFhIDOxGgUT8aMy5DYJ4jHY=	\N	f	rec3	Пол3	Получатель3	testmiddlename	RE	+79274412235			2023-08-31 18:29:10.114463+03	t	f	\N
7	pbkdf2_sha256$600000$1Lu8uSupp5SrFGdMvId9uy$5CToW3/7corTh78LJjBt9smuDokDKrxQ8OZgsCapHT4=	\N	f	rec4	Пол4	Получатель4	testmiddlename	RE	+79274414235			2023-08-31 18:29:22.941635+03	f	f	\N
9	pbkdf2_sha256$600000$j3VrQ3mDTnjZIwYLGaCOdE$qj2Fa5yWLYcVFYnvVzGctiuHtG59qcwzavMkiSDiBDc=	\N	f	oper2	Опер2	Оператор2	фвафва	OP	+79277119233	test2@test.test		2023-08-31 18:33:46.548634+03	f	t	1
10	pbkdf2_sha256$600000$0V6YNiQ906JPQUlNUgBz9z$2EpNe6LjQBLfchfgSzDjzTKdfkpCUv89D+4p/FIKuIc=	\N	f	oper3	Опер3	Оператор3	фвафва	OP	+79277119333	test3@test.test		2023-08-31 18:34:03.426157+03	f	t	2
11	pbkdf2_sha256$600000$yVrjFpw0ggZjCX0FKSJlth$J4u7R/5B5vAlJMInSZ76EhJ7Ll/sOELId+WvOZQAkXc=	\N	f	oper4	Опер4	Оператор4	фвафва	OP	+79277419333	test4@test.test		2023-08-31 18:34:27.889856+03	f	t	2
8	pbkdf2_sha256$600000$ewWiT9UgH60J8qlRYkRaO4$MHqcnuKv6n62cfrnQBavWQFCD8cbjEdJZZhoLYeDVSU=	2023-08-31 18:35:22.212886+03	f	oper1	Опер1	Оператор1	фвафва	OP	+79277112233	test@test.test		2023-08-31 18:33:25.621855+03	f	t	1
2	pbkdf2_sha256$600000$BjsyrlYYon03mg5FfT5T8w$mADNP1Pufit71R91A43NS5hPt6IwlhdGKvI1AuGBV1k=	2023-08-31 18:40:36.912457+03	f	coord1	Коорд1	Координатор1	testmiddlename	CO	+79271112233	test@test.test		2023-08-31 18:18:55.872988+03	t	t	\N
\.


--
-- TOC entry 3482 (class 0 OID 17869)
-- Dependencies: 229
-- Data for Name: Users_groups; Type: TABLE DATA; Schema: public; Owner: postgres
--

COPY public."Users_groups" (id, user_id, group_id) FROM stdin;
\.


--
-- TOC entry 3484 (class 0 OID 17875)
-- Dependencies: 231
-- Data for Name: Users_user_permissions; Type: TABLE DATA; Schema: public; Owner: postgres
--

COPY public."Users_user_permissions" (id, user_id, permission_id) FROM stdin;
\.


--
-- TOC entry 3474 (class 0 OID 17809)
-- Dependencies: 221
-- Data for Name: auth_group; Type: TABLE DATA; Schema: public; Owner: postgres
--

COPY public.auth_group (id, name) FROM stdin;
\.


--
-- TOC entry 3476 (class 0 OID 17817)
-- Dependencies: 223
-- Data for Name: auth_group_permissions; Type: TABLE DATA; Schema: public; Owner: postgres
--

COPY public.auth_group_permissions (id, group_id, permission_id) FROM stdin;
\.


--
-- TOC entry 3472 (class 0 OID 17803)
-- Dependencies: 219
-- Data for Name: auth_permission; Type: TABLE DATA; Schema: public; Owner: postgres
--

COPY public.auth_permission (id, name, content_type_id, codename) FROM stdin;
1	Can add log entry	1	add_logentry
2	Can change log entry	1	change_logentry
3	Can delete log entry	1	delete_logentry
4	Can view log entry	1	view_logentry
5	Can add permission	2	add_permission
6	Can change permission	2	change_permission
7	Can delete permission	2	delete_permission
8	Can view permission	2	view_permission
9	Can add group	3	add_group
10	Can change group	3	change_group
11	Can delete group	3	delete_group
12	Can view group	3	view_group
13	Can add content type	4	add_contenttype
14	Can change content type	4	change_contenttype
15	Can delete content type	4	delete_contenttype
16	Can view content type	4	view_contenttype
17	Can add session	5	add_session
18	Can change session	5	change_session
19	Can delete session	5	delete_session
20	Can view session	5	view_session
21	Can add department	6	add_department
22	Can change department	6	change_department
23	Can delete department	6	delete_department
24	Can view department	6	view_department
25	Can add user	7	add_user
26	Can change user	7	change_user
27	Can delete user	7	delete_user
28	Can view user	7	view_user
29	Can add location	8	add_location
30	Can change location	8	change_location
31	Can delete location	8	delete_location
32	Can view location	8	view_location
33	Can add event	9	add_event
34	Can change event	9	change_event
35	Can delete event	9	delete_event
36	Can view event	9	view_event
37	Can add Token	10	add_token
38	Can change Token	10	change_token
39	Can delete Token	10	delete_token
40	Can view Token	10	view_token
41	Can add token	11	add_tokenproxy
42	Can change token	11	change_tokenproxy
43	Can delete token	11	delete_tokenproxy
44	Can view token	11	view_tokenproxy
\.


--
-- TOC entry 3491 (class 0 OID 17978)
-- Dependencies: 238
-- Data for Name: authtoken_token; Type: TABLE DATA; Schema: public; Owner: postgres
--

COPY public.authtoken_token (key, created, user_id) FROM stdin;
63cf0d369924eafde8a2c29b51487f68f748a0e8	2023-08-31 18:13:48.695528+03	1
65db0ae25179f5027439e4a4716f54e9beb7ddbc	2023-08-31 18:18:56.008987+03	2
2ef39009c9c87e6d5ebb4d886a1ffb515e15c416	2023-08-31 18:20:01.575151+03	3
455e67f90387dc5fad7d63c6614bda41b9aaca0c	2023-08-31 18:28:21.695818+03	4
86b528f49b760eaccfaa833db9431a08e15c37e1	2023-08-31 18:28:54.557043+03	5
2062a219ff0cd0a3b03d6d15b5295da1b1ae0999	2023-08-31 18:29:10.246435+03	6
31a4313906f2d7957fd94144cb806b22b7b6254c	2023-08-31 18:29:23.075045+03	7
a6a5c78a4d9de38f12caefc6dede40fb4868a507	2023-08-31 18:33:25.763813+03	8
00b649c48fe3245e52426a30a0b343bea4b309d8	2023-08-31 18:33:46.666157+03	9
876fdb66cb0a7f27bcac08b45bbcb7fbc4b186f0	2023-08-31 18:34:03.5645+03	10
a5c9c2c3669389cebebd0ad8a8b0a875aa544644	2023-08-31 18:34:28.037856+03	11
\.


--
-- TOC entry 3490 (class 0 OID 17958)
-- Dependencies: 237
-- Data for Name: django_admin_log; Type: TABLE DATA; Schema: public; Owner: postgres
--

COPY public.django_admin_log (id, action_time, object_id, object_repr, action_flag, change_message, content_type_id, user_id) FROM stdin;
\.


--
-- TOC entry 3470 (class 0 OID 17795)
-- Dependencies: 217
-- Data for Name: django_content_type; Type: TABLE DATA; Schema: public; Owner: postgres
--

COPY public.django_content_type (id, app_label, model) FROM stdin;
1	admin	logentry
2	auth	permission
3	auth	group
4	contenttypes	contenttype
5	sessions	session
6	Minapp	department
7	Minapp	user
8	Minapp	location
9	Minapp	event
10	authtoken	token
11	authtoken	tokenproxy
\.


--
-- TOC entry 3468 (class 0 OID 17787)
-- Dependencies: 215
-- Data for Name: django_migrations; Type: TABLE DATA; Schema: public; Owner: postgres
--

COPY public.django_migrations (id, app, name, applied) FROM stdin;
1	contenttypes	0001_initial	2023-08-31 18:11:52.393791+03
2	contenttypes	0002_remove_content_type_name	2023-08-31 18:11:52.397792+03
3	auth	0001_initial	2023-08-31 18:11:52.439791+03
4	auth	0002_alter_permission_name_max_length	2023-08-31 18:11:52.443792+03
5	auth	0003_alter_user_email_max_length	2023-08-31 18:11:52.448793+03
6	auth	0004_alter_user_username_opts	2023-08-31 18:11:52.451791+03
7	auth	0005_alter_user_last_login_null	2023-08-31 18:11:52.45379+03
8	auth	0006_require_contenttypes_0002	2023-08-31 18:11:52.455791+03
9	auth	0007_alter_validators_add_error_messages	2023-08-31 18:11:52.457791+03
10	auth	0008_alter_user_username_max_length	2023-08-31 18:11:52.460789+03
11	auth	0009_alter_user_last_name_max_length	2023-08-31 18:11:52.46479+03
12	auth	0010_alter_group_name_max_length	2023-08-31 18:11:52.468791+03
13	auth	0011_update_proxy_permissions	2023-08-31 18:11:52.471789+03
14	auth	0012_alter_user_first_name_max_length	2023-08-31 18:11:52.476791+03
15	Minapp	0001_initial	2023-08-31 18:11:52.556789+03
16	admin	0001_initial	2023-08-31 18:11:52.57279+03
17	admin	0002_logentry_remove_auto_add	2023-08-31 18:11:52.576789+03
18	admin	0003_logentry_add_action_flag_choices	2023-08-31 18:11:52.579789+03
19	authtoken	0001_initial	2023-08-31 18:11:52.59079+03
20	authtoken	0002_auto_20160226_1747	2023-08-31 18:11:52.603789+03
21	authtoken	0003_tokenproxy	2023-08-31 18:11:52.60479+03
22	sessions	0001_initial	2023-08-31 18:11:52.61279+03
\.


--
-- TOC entry 3492 (class 0 OID 17991)
-- Dependencies: 239
-- Data for Name: django_session; Type: TABLE DATA; Schema: public; Owner: postgres
--

COPY public.django_session (session_key, session_data, expire_date) FROM stdin;
\.


--
-- TOC entry 3498 (class 0 OID 0)
-- Dependencies: 224
-- Name: Departments_id_seq; Type: SEQUENCE SET; Schema: public; Owner: postgres
--

SELECT pg_catalog.setval('public."Departments_id_seq"', 3, true);


--
-- TOC entry 3499 (class 0 OID 0)
-- Dependencies: 234
-- Name: Events_id_seq; Type: SEQUENCE SET; Schema: public; Owner: postgres
--

SELECT pg_catalog.setval('public."Events_id_seq"', 1, false);


--
-- TOC entry 3500 (class 0 OID 0)
-- Dependencies: 232
-- Name: Locations_id_seq; Type: SEQUENCE SET; Schema: public; Owner: postgres
--

SELECT pg_catalog.setval('public."Locations_id_seq"', 1, false);


--
-- TOC entry 3501 (class 0 OID 0)
-- Dependencies: 228
-- Name: Users_groups_id_seq; Type: SEQUENCE SET; Schema: public; Owner: postgres
--

SELECT pg_catalog.setval('public."Users_groups_id_seq"', 1, false);


--
-- TOC entry 3502 (class 0 OID 0)
-- Dependencies: 226
-- Name: Users_id_seq; Type: SEQUENCE SET; Schema: public; Owner: postgres
--

SELECT pg_catalog.setval('public."Users_id_seq"', 11, true);


--
-- TOC entry 3503 (class 0 OID 0)
-- Dependencies: 230
-- Name: Users_user_permissions_id_seq; Type: SEQUENCE SET; Schema: public; Owner: postgres
--

SELECT pg_catalog.setval('public."Users_user_permissions_id_seq"', 1, false);


--
-- TOC entry 3504 (class 0 OID 0)
-- Dependencies: 220
-- Name: auth_group_id_seq; Type: SEQUENCE SET; Schema: public; Owner: postgres
--

SELECT pg_catalog.setval('public.auth_group_id_seq', 1, false);


--
-- TOC entry 3505 (class 0 OID 0)
-- Dependencies: 222
-- Name: auth_group_permissions_id_seq; Type: SEQUENCE SET; Schema: public; Owner: postgres
--

SELECT pg_catalog.setval('public.auth_group_permissions_id_seq', 1, false);


--
-- TOC entry 3506 (class 0 OID 0)
-- Dependencies: 218
-- Name: auth_permission_id_seq; Type: SEQUENCE SET; Schema: public; Owner: postgres
--

SELECT pg_catalog.setval('public.auth_permission_id_seq', 44, true);


--
-- TOC entry 3507 (class 0 OID 0)
-- Dependencies: 236
-- Name: django_admin_log_id_seq; Type: SEQUENCE SET; Schema: public; Owner: postgres
--

SELECT pg_catalog.setval('public.django_admin_log_id_seq', 1, false);


--
-- TOC entry 3508 (class 0 OID 0)
-- Dependencies: 216
-- Name: django_content_type_id_seq; Type: SEQUENCE SET; Schema: public; Owner: postgres
--

SELECT pg_catalog.setval('public.django_content_type_id_seq', 11, true);


--
-- TOC entry 3509 (class 0 OID 0)
-- Dependencies: 214
-- Name: django_migrations_id_seq; Type: SEQUENCE SET; Schema: public; Owner: postgres
--

SELECT pg_catalog.setval('public.django_migrations_id_seq', 22, true);


--
-- TOC entry 3261 (class 2606 OID 17855)
-- Name: Departments Departments_name_key; Type: CONSTRAINT; Schema: public; Owner: postgres
--

ALTER TABLE ONLY public."Departments"
    ADD CONSTRAINT "Departments_name_key" UNIQUE (name);


--
-- TOC entry 3263 (class 2606 OID 17853)
-- Name: Departments Departments_pkey; Type: CONSTRAINT; Schema: public; Owner: postgres
--

ALTER TABLE ONLY public."Departments"
    ADD CONSTRAINT "Departments_pkey" PRIMARY KEY (id);


--
-- TOC entry 3296 (class 2606 OID 17899)
-- Name: Events Events_pkey; Type: CONSTRAINT; Schema: public; Owner: postgres
--

ALTER TABLE ONLY public."Events"
    ADD CONSTRAINT "Events_pkey" PRIMARY KEY (id);


--
-- TOC entry 3288 (class 2606 OID 17889)
-- Name: Locations Locations_name_key; Type: CONSTRAINT; Schema: public; Owner: postgres
--

ALTER TABLE ONLY public."Locations"
    ADD CONSTRAINT "Locations_name_key" UNIQUE (name);


--
-- TOC entry 3291 (class 2606 OID 17891)
-- Name: Locations Locations_phone_key; Type: CONSTRAINT; Schema: public; Owner: postgres
--

ALTER TABLE ONLY public."Locations"
    ADD CONSTRAINT "Locations_phone_key" UNIQUE (phone);


--
-- TOC entry 3293 (class 2606 OID 17887)
-- Name: Locations Locations_pkey; Type: CONSTRAINT; Schema: public; Owner: postgres
--

ALTER TABLE ONLY public."Locations"
    ADD CONSTRAINT "Locations_pkey" PRIMARY KEY (id);


--
-- TOC entry 3275 (class 2606 OID 17873)
-- Name: Users_groups Users_groups_pkey; Type: CONSTRAINT; Schema: public; Owner: postgres
--

ALTER TABLE ONLY public."Users_groups"
    ADD CONSTRAINT "Users_groups_pkey" PRIMARY KEY (id);


--
-- TOC entry 3278 (class 2606 OID 17910)
-- Name: Users_groups Users_groups_user_id_group_id_590dc796_uniq; Type: CONSTRAINT; Schema: public; Owner: postgres
--

ALTER TABLE ONLY public."Users_groups"
    ADD CONSTRAINT "Users_groups_user_id_group_id_590dc796_uniq" UNIQUE (user_id, group_id);


--
-- TOC entry 3267 (class 2606 OID 17867)
-- Name: Users Users_phone_key; Type: CONSTRAINT; Schema: public; Owner: postgres
--

ALTER TABLE ONLY public."Users"
    ADD CONSTRAINT "Users_phone_key" UNIQUE (phone);


--
-- TOC entry 3269 (class 2606 OID 17863)
-- Name: Users Users_pkey; Type: CONSTRAINT; Schema: public; Owner: postgres
--

ALTER TABLE ONLY public."Users"
    ADD CONSTRAINT "Users_pkey" PRIMARY KEY (id);


--
-- TOC entry 3281 (class 2606 OID 17879)
-- Name: Users_user_permissions Users_user_permissions_pkey; Type: CONSTRAINT; Schema: public; Owner: postgres
--

ALTER TABLE ONLY public."Users_user_permissions"
    ADD CONSTRAINT "Users_user_permissions_pkey" PRIMARY KEY (id);


--
-- TOC entry 3284 (class 2606 OID 17924)
-- Name: Users_user_permissions Users_user_permissions_user_id_permission_id_f5781f04_uniq; Type: CONSTRAINT; Schema: public; Owner: postgres
--

ALTER TABLE ONLY public."Users_user_permissions"
    ADD CONSTRAINT "Users_user_permissions_user_id_permission_id_f5781f04_uniq" UNIQUE (user_id, permission_id);


--
-- TOC entry 3272 (class 2606 OID 17865)
-- Name: Users Users_username_key; Type: CONSTRAINT; Schema: public; Owner: postgres
--

ALTER TABLE ONLY public."Users"
    ADD CONSTRAINT "Users_username_key" UNIQUE (username);


--
-- TOC entry 3250 (class 2606 OID 17846)
-- Name: auth_group auth_group_name_key; Type: CONSTRAINT; Schema: public; Owner: postgres
--

ALTER TABLE ONLY public.auth_group
    ADD CONSTRAINT auth_group_name_key UNIQUE (name);


--
-- TOC entry 3255 (class 2606 OID 17832)
-- Name: auth_group_permissions auth_group_permissions_group_id_permission_id_0cd325b0_uniq; Type: CONSTRAINT; Schema: public; Owner: postgres
--

ALTER TABLE ONLY public.auth_group_permissions
    ADD CONSTRAINT auth_group_permissions_group_id_permission_id_0cd325b0_uniq UNIQUE (group_id, permission_id);


--
-- TOC entry 3258 (class 2606 OID 17821)
-- Name: auth_group_permissions auth_group_permissions_pkey; Type: CONSTRAINT; Schema: public; Owner: postgres
--

ALTER TABLE ONLY public.auth_group_permissions
    ADD CONSTRAINT auth_group_permissions_pkey PRIMARY KEY (id);


--
-- TOC entry 3252 (class 2606 OID 17813)
-- Name: auth_group auth_group_pkey; Type: CONSTRAINT; Schema: public; Owner: postgres
--

ALTER TABLE ONLY public.auth_group
    ADD CONSTRAINT auth_group_pkey PRIMARY KEY (id);


--
-- TOC entry 3245 (class 2606 OID 17823)
-- Name: auth_permission auth_permission_content_type_id_codename_01ab375a_uniq; Type: CONSTRAINT; Schema: public; Owner: postgres
--

ALTER TABLE ONLY public.auth_permission
    ADD CONSTRAINT auth_permission_content_type_id_codename_01ab375a_uniq UNIQUE (content_type_id, codename);


--
-- TOC entry 3247 (class 2606 OID 17807)
-- Name: auth_permission auth_permission_pkey; Type: CONSTRAINT; Schema: public; Owner: postgres
--

ALTER TABLE ONLY public.auth_permission
    ADD CONSTRAINT auth_permission_pkey PRIMARY KEY (id);


--
-- TOC entry 3304 (class 2606 OID 17982)
-- Name: authtoken_token authtoken_token_pkey; Type: CONSTRAINT; Schema: public; Owner: postgres
--

ALTER TABLE ONLY public.authtoken_token
    ADD CONSTRAINT authtoken_token_pkey PRIMARY KEY (key);


--
-- TOC entry 3306 (class 2606 OID 17984)
-- Name: authtoken_token authtoken_token_user_id_key; Type: CONSTRAINT; Schema: public; Owner: postgres
--

ALTER TABLE ONLY public.authtoken_token
    ADD CONSTRAINT authtoken_token_user_id_key UNIQUE (user_id);


--
-- TOC entry 3300 (class 2606 OID 17965)
-- Name: django_admin_log django_admin_log_pkey; Type: CONSTRAINT; Schema: public; Owner: postgres
--

ALTER TABLE ONLY public.django_admin_log
    ADD CONSTRAINT django_admin_log_pkey PRIMARY KEY (id);


--
-- TOC entry 3240 (class 2606 OID 17801)
-- Name: django_content_type django_content_type_app_label_model_76bd3d3b_uniq; Type: CONSTRAINT; Schema: public; Owner: postgres
--

ALTER TABLE ONLY public.django_content_type
    ADD CONSTRAINT django_content_type_app_label_model_76bd3d3b_uniq UNIQUE (app_label, model);


--
-- TOC entry 3242 (class 2606 OID 17799)
-- Name: django_content_type django_content_type_pkey; Type: CONSTRAINT; Schema: public; Owner: postgres
--

ALTER TABLE ONLY public.django_content_type
    ADD CONSTRAINT django_content_type_pkey PRIMARY KEY (id);


--
-- TOC entry 3238 (class 2606 OID 17793)
-- Name: django_migrations django_migrations_pkey; Type: CONSTRAINT; Schema: public; Owner: postgres
--

ALTER TABLE ONLY public.django_migrations
    ADD CONSTRAINT django_migrations_pkey PRIMARY KEY (id);


--
-- TOC entry 3309 (class 2606 OID 17997)
-- Name: django_session django_session_pkey; Type: CONSTRAINT; Schema: public; Owner: postgres
--

ALTER TABLE ONLY public.django_session
    ADD CONSTRAINT django_session_pkey PRIMARY KEY (session_key);


--
-- TOC entry 3259 (class 1259 OID 17900)
-- Name: Departments_name_ed8eae9c_like; Type: INDEX; Schema: public; Owner: postgres
--

CREATE INDEX "Departments_name_ed8eae9c_like" ON public."Departments" USING btree (name varchar_pattern_ops);


--
-- TOC entry 3294 (class 1259 OID 17955)
-- Name: Events_location_id_id_6fd7dfc1; Type: INDEX; Schema: public; Owner: postgres
--

CREATE INDEX "Events_location_id_id_6fd7dfc1" ON public."Events" USING btree (location_id_id);


--
-- TOC entry 3297 (class 1259 OID 17956)
-- Name: Events_recipient_id_id_ddb6b9b5; Type: INDEX; Schema: public; Owner: postgres
--

CREATE INDEX "Events_recipient_id_id_ddb6b9b5" ON public."Events" USING btree (recipient_id_id);


--
-- TOC entry 3285 (class 1259 OID 17944)
-- Name: Locations_department_id_id_ca12dcca; Type: INDEX; Schema: public; Owner: postgres
--

CREATE INDEX "Locations_department_id_id_ca12dcca" ON public."Locations" USING btree (department_id_id);


--
-- TOC entry 3286 (class 1259 OID 17942)
-- Name: Locations_name_f6551f92_like; Type: INDEX; Schema: public; Owner: postgres
--

CREATE INDEX "Locations_name_f6551f92_like" ON public."Locations" USING btree (name varchar_pattern_ops);


--
-- TOC entry 3289 (class 1259 OID 17943)
-- Name: Locations_phone_0c836064_like; Type: INDEX; Schema: public; Owner: postgres
--

CREATE INDEX "Locations_phone_0c836064_like" ON public."Locations" USING btree (phone varchar_pattern_ops);


--
-- TOC entry 3264 (class 1259 OID 17908)
-- Name: Users_department_id_id_690dd686; Type: INDEX; Schema: public; Owner: postgres
--

CREATE INDEX "Users_department_id_id_690dd686" ON public."Users" USING btree (department_id_id);


--
-- TOC entry 3273 (class 1259 OID 17922)
-- Name: Users_groups_group_id_2ddde7ed; Type: INDEX; Schema: public; Owner: postgres
--

CREATE INDEX "Users_groups_group_id_2ddde7ed" ON public."Users_groups" USING btree (group_id);


--
-- TOC entry 3276 (class 1259 OID 17921)
-- Name: Users_groups_user_id_d0013979; Type: INDEX; Schema: public; Owner: postgres
--

CREATE INDEX "Users_groups_user_id_d0013979" ON public."Users_groups" USING btree (user_id);


--
-- TOC entry 3265 (class 1259 OID 17907)
-- Name: Users_phone_504e9b79_like; Type: INDEX; Schema: public; Owner: postgres
--

CREATE INDEX "Users_phone_504e9b79_like" ON public."Users" USING btree (phone varchar_pattern_ops);


--
-- TOC entry 3279 (class 1259 OID 17936)
-- Name: Users_user_permissions_permission_id_7995fa19; Type: INDEX; Schema: public; Owner: postgres
--

CREATE INDEX "Users_user_permissions_permission_id_7995fa19" ON public."Users_user_permissions" USING btree (permission_id);


--
-- TOC entry 3282 (class 1259 OID 17935)
-- Name: Users_user_permissions_user_id_c976b39e; Type: INDEX; Schema: public; Owner: postgres
--

CREATE INDEX "Users_user_permissions_user_id_c976b39e" ON public."Users_user_permissions" USING btree (user_id);


--
-- TOC entry 3270 (class 1259 OID 17906)
-- Name: Users_username_c7f288a1_like; Type: INDEX; Schema: public; Owner: postgres
--

CREATE INDEX "Users_username_c7f288a1_like" ON public."Users" USING btree (username varchar_pattern_ops);


--
-- TOC entry 3248 (class 1259 OID 17847)
-- Name: auth_group_name_a6ea08ec_like; Type: INDEX; Schema: public; Owner: postgres
--

CREATE INDEX auth_group_name_a6ea08ec_like ON public.auth_group USING btree (name varchar_pattern_ops);


--
-- TOC entry 3253 (class 1259 OID 17843)
-- Name: auth_group_permissions_group_id_b120cbf9; Type: INDEX; Schema: public; Owner: postgres
--

CREATE INDEX auth_group_permissions_group_id_b120cbf9 ON public.auth_group_permissions USING btree (group_id);


--
-- TOC entry 3256 (class 1259 OID 17844)
-- Name: auth_group_permissions_permission_id_84c5c92e; Type: INDEX; Schema: public; Owner: postgres
--

CREATE INDEX auth_group_permissions_permission_id_84c5c92e ON public.auth_group_permissions USING btree (permission_id);


--
-- TOC entry 3243 (class 1259 OID 17829)
-- Name: auth_permission_content_type_id_2f476e4b; Type: INDEX; Schema: public; Owner: postgres
--

CREATE INDEX auth_permission_content_type_id_2f476e4b ON public.auth_permission USING btree (content_type_id);


--
-- TOC entry 3302 (class 1259 OID 17990)
-- Name: authtoken_token_key_10f0b77e_like; Type: INDEX; Schema: public; Owner: postgres
--

CREATE INDEX authtoken_token_key_10f0b77e_like ON public.authtoken_token USING btree (key varchar_pattern_ops);


--
-- TOC entry 3298 (class 1259 OID 17976)
-- Name: django_admin_log_content_type_id_c4bce8eb; Type: INDEX; Schema: public; Owner: postgres
--

CREATE INDEX django_admin_log_content_type_id_c4bce8eb ON public.django_admin_log USING btree (content_type_id);


--
-- TOC entry 3301 (class 1259 OID 17977)
-- Name: django_admin_log_user_id_c564eba6; Type: INDEX; Schema: public; Owner: postgres
--

CREATE INDEX django_admin_log_user_id_c564eba6 ON public.django_admin_log USING btree (user_id);


--
-- TOC entry 3307 (class 1259 OID 17999)
-- Name: django_session_expire_date_a5c62663; Type: INDEX; Schema: public; Owner: postgres
--

CREATE INDEX django_session_expire_date_a5c62663 ON public.django_session USING btree (expire_date);


--
-- TOC entry 3310 (class 1259 OID 17998)
-- Name: django_session_session_key_c0390e0f_like; Type: INDEX; Schema: public; Owner: postgres
--

CREATE INDEX django_session_session_key_c0390e0f_like ON public.django_session USING btree (session_key varchar_pattern_ops);


--
-- TOC entry 3320 (class 2606 OID 17945)
-- Name: Events Events_location_id_id_6fd7dfc1_fk_Locations_id; Type: FK CONSTRAINT; Schema: public; Owner: postgres
--

ALTER TABLE ONLY public."Events"
    ADD CONSTRAINT "Events_location_id_id_6fd7dfc1_fk_Locations_id" FOREIGN KEY (location_id_id) REFERENCES public."Locations"(id) DEFERRABLE INITIALLY DEFERRED;


--
-- TOC entry 3321 (class 2606 OID 17950)
-- Name: Events Events_recipient_id_id_ddb6b9b5_fk_Users_id; Type: FK CONSTRAINT; Schema: public; Owner: postgres
--

ALTER TABLE ONLY public."Events"
    ADD CONSTRAINT "Events_recipient_id_id_ddb6b9b5_fk_Users_id" FOREIGN KEY (recipient_id_id) REFERENCES public."Users"(id) DEFERRABLE INITIALLY DEFERRED;


--
-- TOC entry 3319 (class 2606 OID 17937)
-- Name: Locations Locations_department_id_id_ca12dcca_fk_Departments_id; Type: FK CONSTRAINT; Schema: public; Owner: postgres
--

ALTER TABLE ONLY public."Locations"
    ADD CONSTRAINT "Locations_department_id_id_ca12dcca_fk_Departments_id" FOREIGN KEY (department_id_id) REFERENCES public."Departments"(id) DEFERRABLE INITIALLY DEFERRED;


--
-- TOC entry 3314 (class 2606 OID 17901)
-- Name: Users Users_department_id_id_690dd686_fk_Departments_id; Type: FK CONSTRAINT; Schema: public; Owner: postgres
--

ALTER TABLE ONLY public."Users"
    ADD CONSTRAINT "Users_department_id_id_690dd686_fk_Departments_id" FOREIGN KEY (department_id_id) REFERENCES public."Departments"(id) DEFERRABLE INITIALLY DEFERRED;


--
-- TOC entry 3315 (class 2606 OID 17916)
-- Name: Users_groups Users_groups_group_id_2ddde7ed_fk_auth_group_id; Type: FK CONSTRAINT; Schema: public; Owner: postgres
--

ALTER TABLE ONLY public."Users_groups"
    ADD CONSTRAINT "Users_groups_group_id_2ddde7ed_fk_auth_group_id" FOREIGN KEY (group_id) REFERENCES public.auth_group(id) DEFERRABLE INITIALLY DEFERRED;


--
-- TOC entry 3316 (class 2606 OID 17911)
-- Name: Users_groups Users_groups_user_id_d0013979_fk_Users_id; Type: FK CONSTRAINT; Schema: public; Owner: postgres
--

ALTER TABLE ONLY public."Users_groups"
    ADD CONSTRAINT "Users_groups_user_id_d0013979_fk_Users_id" FOREIGN KEY (user_id) REFERENCES public."Users"(id) DEFERRABLE INITIALLY DEFERRED;


--
-- TOC entry 3317 (class 2606 OID 17930)
-- Name: Users_user_permissions Users_user_permissio_permission_id_7995fa19_fk_auth_perm; Type: FK CONSTRAINT; Schema: public; Owner: postgres
--

ALTER TABLE ONLY public."Users_user_permissions"
    ADD CONSTRAINT "Users_user_permissio_permission_id_7995fa19_fk_auth_perm" FOREIGN KEY (permission_id) REFERENCES public.auth_permission(id) DEFERRABLE INITIALLY DEFERRED;


--
-- TOC entry 3318 (class 2606 OID 17925)
-- Name: Users_user_permissions Users_user_permissions_user_id_c976b39e_fk_Users_id; Type: FK CONSTRAINT; Schema: public; Owner: postgres
--

ALTER TABLE ONLY public."Users_user_permissions"
    ADD CONSTRAINT "Users_user_permissions_user_id_c976b39e_fk_Users_id" FOREIGN KEY (user_id) REFERENCES public."Users"(id) DEFERRABLE INITIALLY DEFERRED;


--
-- TOC entry 3312 (class 2606 OID 17838)
-- Name: auth_group_permissions auth_group_permissio_permission_id_84c5c92e_fk_auth_perm; Type: FK CONSTRAINT; Schema: public; Owner: postgres
--

ALTER TABLE ONLY public.auth_group_permissions
    ADD CONSTRAINT auth_group_permissio_permission_id_84c5c92e_fk_auth_perm FOREIGN KEY (permission_id) REFERENCES public.auth_permission(id) DEFERRABLE INITIALLY DEFERRED;


--
-- TOC entry 3313 (class 2606 OID 17833)
-- Name: auth_group_permissions auth_group_permissions_group_id_b120cbf9_fk_auth_group_id; Type: FK CONSTRAINT; Schema: public; Owner: postgres
--

ALTER TABLE ONLY public.auth_group_permissions
    ADD CONSTRAINT auth_group_permissions_group_id_b120cbf9_fk_auth_group_id FOREIGN KEY (group_id) REFERENCES public.auth_group(id) DEFERRABLE INITIALLY DEFERRED;


--
-- TOC entry 3311 (class 2606 OID 17824)
-- Name: auth_permission auth_permission_content_type_id_2f476e4b_fk_django_co; Type: FK CONSTRAINT; Schema: public; Owner: postgres
--

ALTER TABLE ONLY public.auth_permission
    ADD CONSTRAINT auth_permission_content_type_id_2f476e4b_fk_django_co FOREIGN KEY (content_type_id) REFERENCES public.django_content_type(id) DEFERRABLE INITIALLY DEFERRED;


--
-- TOC entry 3324 (class 2606 OID 17985)
-- Name: authtoken_token authtoken_token_user_id_35299eff_fk_Users_id; Type: FK CONSTRAINT; Schema: public; Owner: postgres
--

ALTER TABLE ONLY public.authtoken_token
    ADD CONSTRAINT "authtoken_token_user_id_35299eff_fk_Users_id" FOREIGN KEY (user_id) REFERENCES public."Users"(id) DEFERRABLE INITIALLY DEFERRED;


--
-- TOC entry 3322 (class 2606 OID 17966)
-- Name: django_admin_log django_admin_log_content_type_id_c4bce8eb_fk_django_co; Type: FK CONSTRAINT; Schema: public; Owner: postgres
--

ALTER TABLE ONLY public.django_admin_log
    ADD CONSTRAINT django_admin_log_content_type_id_c4bce8eb_fk_django_co FOREIGN KEY (content_type_id) REFERENCES public.django_content_type(id) DEFERRABLE INITIALLY DEFERRED;


--
-- TOC entry 3323 (class 2606 OID 17971)
-- Name: django_admin_log django_admin_log_user_id_c564eba6_fk_Users_id; Type: FK CONSTRAINT; Schema: public; Owner: postgres
--

ALTER TABLE ONLY public.django_admin_log
    ADD CONSTRAINT "django_admin_log_user_id_c564eba6_fk_Users_id" FOREIGN KEY (user_id) REFERENCES public."Users"(id) DEFERRABLE INITIALLY DEFERRED;


-- Completed on 2023-08-31 18:42:23

--
-- PostgreSQL database dump complete
--

