--
-- PostgreSQL database dump
--

-- Dumped from database version 15.3
-- Dumped by pg_dump version 15.3

-- Started on 2023-08-23 13:48:03

SET statement_timeout = 0;
SET lock_timeout = 0;
SET idle_in_transaction_session_timeout = 0;
SET client_encoding = 'UTF8';
SET standard_conforming_strings = on;
SELECT pg_catalog.set_config('search_path', '', false);
SET check_function_bodies = false;
SET xmloption = content;
SET client_min_messages = warning;
SET row_security = off;

SET default_tablespace = '';

SET default_table_access_method = heap;

--
-- TOC entry 254 (class 1259 OID 17533)
-- Name: Coordinators; Type: TABLE; Schema: public; Owner: postgres
--

CREATE TABLE public."Coordinators" (
    id bigint NOT NULL,
    is_check boolean NOT NULL,
    user_id_id bigint NOT NULL,
    is_active boolean NOT NULL
);


ALTER TABLE public."Coordinators" OWNER TO postgres;

--
-- TOC entry 253 (class 1259 OID 17532)
-- Name: Coordinators_id_seq; Type: SEQUENCE; Schema: public; Owner: postgres
--

ALTER TABLE public."Coordinators" ALTER COLUMN id ADD GENERATED BY DEFAULT AS IDENTITY (
    SEQUENCE NAME public."Coordinators_id_seq"
    START WITH 1
    INCREMENT BY 1
    NO MINVALUE
    NO MAXVALUE
    CACHE 1
);


--
-- TOC entry 248 (class 1259 OID 17509)
-- Name: Departments; Type: TABLE; Schema: public; Owner: postgres
--

CREATE TABLE public."Departments" (
    id bigint NOT NULL,
    name character varying(255) NOT NULL
);


ALTER TABLE public."Departments" OWNER TO postgres;

--
-- TOC entry 247 (class 1259 OID 17508)
-- Name: Departments_id_seq; Type: SEQUENCE; Schema: public; Owner: postgres
--

ALTER TABLE public."Departments" ALTER COLUMN id ADD GENERATED BY DEFAULT AS IDENTITY (
    SEQUENCE NAME public."Departments_id_seq"
    START WITH 1
    INCREMENT BY 1
    NO MINVALUE
    NO MAXVALUE
    CACHE 1
);


--
-- TOC entry 258 (class 1259 OID 17573)
-- Name: Events; Type: TABLE; Schema: public; Owner: postgres
--

CREATE TABLE public."Events" (
    id bigint NOT NULL,
    name character varying(255) NOT NULL,
    description character varying(255) NOT NULL,
    datetime timestamp with time zone NOT NULL,
    is_check boolean NOT NULL,
    is_finished boolean NOT NULL,
    photo character varying(100) NOT NULL,
    location_id_id bigint NOT NULL,
    recipient_id_id bigint NOT NULL
);


ALTER TABLE public."Events" OWNER TO postgres;

--
-- TOC entry 257 (class 1259 OID 17572)
-- Name: Events_id_seq; Type: SEQUENCE; Schema: public; Owner: postgres
--

ALTER TABLE public."Events" ALTER COLUMN id ADD GENERATED BY DEFAULT AS IDENTITY (
    SEQUENCE NAME public."Events_id_seq"
    START WITH 1
    INCREMENT BY 1
    NO MINVALUE
    NO MAXVALUE
    CACHE 1
);


--
-- TOC entry 256 (class 1259 OID 17563)
-- Name: Locations; Type: TABLE; Schema: public; Owner: postgres
--

CREATE TABLE public."Locations" (
    id bigint NOT NULL,
    name character varying(255) NOT NULL,
    address character varying(255) NOT NULL,
    lat numeric(8,6),
    lon numeric(9,6),
    phone character varying(128) NOT NULL,
    email character varying(254) NOT NULL,
    photo character varying(100) NOT NULL,
    department_id_id bigint NOT NULL,
    is_active boolean NOT NULL
);


ALTER TABLE public."Locations" OWNER TO postgres;

--
-- TOC entry 255 (class 1259 OID 17562)
-- Name: Locations_id_seq; Type: SEQUENCE; Schema: public; Owner: postgres
--

ALTER TABLE public."Locations" ALTER COLUMN id ADD GENERATED BY DEFAULT AS IDENTITY (
    SEQUENCE NAME public."Locations_id_seq"
    START WITH 1
    INCREMENT BY 1
    NO MINVALUE
    NO MAXVALUE
    CACHE 1
);


--
-- TOC entry 252 (class 1259 OID 17525)
-- Name: Operators; Type: TABLE; Schema: public; Owner: postgres
--

CREATE TABLE public."Operators" (
    id bigint NOT NULL,
    is_check boolean NOT NULL,
    department_id_id bigint,
    user_id_id bigint NOT NULL,
    is_active boolean NOT NULL
);


ALTER TABLE public."Operators" OWNER TO postgres;

--
-- TOC entry 251 (class 1259 OID 17524)
-- Name: Operators_id_seq; Type: SEQUENCE; Schema: public; Owner: postgres
--

ALTER TABLE public."Operators" ALTER COLUMN id ADD GENERATED BY DEFAULT AS IDENTITY (
    SEQUENCE NAME public."Operators_id_seq"
    START WITH 1
    INCREMENT BY 1
    NO MINVALUE
    NO MAXVALUE
    CACHE 1
);


--
-- TOC entry 250 (class 1259 OID 17517)
-- Name: Recipients; Type: TABLE; Schema: public; Owner: postgres
--

CREATE TABLE public."Recipients" (
    id bigint NOT NULL,
    is_check boolean NOT NULL,
    user_id_id bigint NOT NULL,
    is_active boolean NOT NULL
);


ALTER TABLE public."Recipients" OWNER TO postgres;

--
-- TOC entry 249 (class 1259 OID 17516)
-- Name: Recipients_id_seq; Type: SEQUENCE; Schema: public; Owner: postgres
--

ALTER TABLE public."Recipients" ALTER COLUMN id ADD GENERATED BY DEFAULT AS IDENTITY (
    SEQUENCE NAME public."Recipients_id_seq"
    START WITH 1
    INCREMENT BY 1
    NO MINVALUE
    NO MAXVALUE
    CACHE 1
);


--
-- TOC entry 225 (class 1259 OID 17319)
-- Name: Users; Type: TABLE; Schema: public; Owner: postgres
--

CREATE TABLE public."Users" (
    id bigint NOT NULL,
    password character varying(128) NOT NULL,
    last_login timestamp with time zone,
    is_superuser boolean NOT NULL,
    username character varying(50) NOT NULL,
    name character varying(255) NOT NULL,
    surname character varying(255) NOT NULL,
    middle_name character varying(255) NOT NULL,
    staff character varying(2) NOT NULL,
    phone character varying(128) NOT NULL,
    email character varying(254) NOT NULL,
    photo character varying(100) NOT NULL,
    date_joined timestamp with time zone NOT NULL,
    is_staff boolean NOT NULL,
    department_id_id bigint
);


ALTER TABLE public."Users" OWNER TO postgres;

--
-- TOC entry 227 (class 1259 OID 17329)
-- Name: Users_groups; Type: TABLE; Schema: public; Owner: postgres
--

CREATE TABLE public."Users_groups" (
    id bigint NOT NULL,
    user_id bigint NOT NULL,
    group_id integer NOT NULL
);


ALTER TABLE public."Users_groups" OWNER TO postgres;

--
-- TOC entry 226 (class 1259 OID 17328)
-- Name: Users_groups_id_seq; Type: SEQUENCE; Schema: public; Owner: postgres
--

ALTER TABLE public."Users_groups" ALTER COLUMN id ADD GENERATED BY DEFAULT AS IDENTITY (
    SEQUENCE NAME public."Users_groups_id_seq"
    START WITH 1
    INCREMENT BY 1
    NO MINVALUE
    NO MAXVALUE
    CACHE 1
);


--
-- TOC entry 224 (class 1259 OID 17318)
-- Name: Users_id_seq; Type: SEQUENCE; Schema: public; Owner: postgres
--

ALTER TABLE public."Users" ALTER COLUMN id ADD GENERATED BY DEFAULT AS IDENTITY (
    SEQUENCE NAME public."Users_id_seq"
    START WITH 1
    INCREMENT BY 1
    NO MINVALUE
    NO MAXVALUE
    CACHE 1
);


--
-- TOC entry 229 (class 1259 OID 17335)
-- Name: Users_user_permissions; Type: TABLE; Schema: public; Owner: postgres
--

CREATE TABLE public."Users_user_permissions" (
    id bigint NOT NULL,
    user_id bigint NOT NULL,
    permission_id integer NOT NULL
);


ALTER TABLE public."Users_user_permissions" OWNER TO postgres;

--
-- TOC entry 228 (class 1259 OID 17334)
-- Name: Users_user_permissions_id_seq; Type: SEQUENCE; Schema: public; Owner: postgres
--

ALTER TABLE public."Users_user_permissions" ALTER COLUMN id ADD GENERATED BY DEFAULT AS IDENTITY (
    SEQUENCE NAME public."Users_user_permissions_id_seq"
    START WITH 1
    INCREMENT BY 1
    NO MINVALUE
    NO MAXVALUE
    CACHE 1
);


--
-- TOC entry 236 (class 1259 OID 17409)
-- Name: account_emailaddress; Type: TABLE; Schema: public; Owner: postgres
--

CREATE TABLE public.account_emailaddress (
    id integer NOT NULL,
    email character varying(254) NOT NULL,
    verified boolean NOT NULL,
    "primary" boolean NOT NULL,
    user_id bigint NOT NULL
);


ALTER TABLE public.account_emailaddress OWNER TO postgres;

--
-- TOC entry 235 (class 1259 OID 17408)
-- Name: account_emailaddress_id_seq; Type: SEQUENCE; Schema: public; Owner: postgres
--

ALTER TABLE public.account_emailaddress ALTER COLUMN id ADD GENERATED BY DEFAULT AS IDENTITY (
    SEQUENCE NAME public.account_emailaddress_id_seq
    START WITH 1
    INCREMENT BY 1
    NO MINVALUE
    NO MAXVALUE
    CACHE 1
);


--
-- TOC entry 238 (class 1259 OID 17417)
-- Name: account_emailconfirmation; Type: TABLE; Schema: public; Owner: postgres
--

CREATE TABLE public.account_emailconfirmation (
    id integer NOT NULL,
    created timestamp with time zone NOT NULL,
    sent timestamp with time zone,
    key character varying(64) NOT NULL,
    email_address_id integer NOT NULL
);


ALTER TABLE public.account_emailconfirmation OWNER TO postgres;

--
-- TOC entry 237 (class 1259 OID 17416)
-- Name: account_emailconfirmation_id_seq; Type: SEQUENCE; Schema: public; Owner: postgres
--

ALTER TABLE public.account_emailconfirmation ALTER COLUMN id ADD GENERATED BY DEFAULT AS IDENTITY (
    SEQUENCE NAME public.account_emailconfirmation_id_seq
    START WITH 1
    INCREMENT BY 1
    NO MINVALUE
    NO MAXVALUE
    CACHE 1
);


--
-- TOC entry 221 (class 1259 OID 17279)
-- Name: auth_group; Type: TABLE; Schema: public; Owner: postgres
--

CREATE TABLE public.auth_group (
    id integer NOT NULL,
    name character varying(150) NOT NULL
);


ALTER TABLE public.auth_group OWNER TO postgres;

--
-- TOC entry 220 (class 1259 OID 17278)
-- Name: auth_group_id_seq; Type: SEQUENCE; Schema: public; Owner: postgres
--

ALTER TABLE public.auth_group ALTER COLUMN id ADD GENERATED BY DEFAULT AS IDENTITY (
    SEQUENCE NAME public.auth_group_id_seq
    START WITH 1
    INCREMENT BY 1
    NO MINVALUE
    NO MAXVALUE
    CACHE 1
);


--
-- TOC entry 223 (class 1259 OID 17287)
-- Name: auth_group_permissions; Type: TABLE; Schema: public; Owner: postgres
--

CREATE TABLE public.auth_group_permissions (
    id bigint NOT NULL,
    group_id integer NOT NULL,
    permission_id integer NOT NULL
);


ALTER TABLE public.auth_group_permissions OWNER TO postgres;

--
-- TOC entry 222 (class 1259 OID 17286)
-- Name: auth_group_permissions_id_seq; Type: SEQUENCE; Schema: public; Owner: postgres
--

ALTER TABLE public.auth_group_permissions ALTER COLUMN id ADD GENERATED BY DEFAULT AS IDENTITY (
    SEQUENCE NAME public.auth_group_permissions_id_seq
    START WITH 1
    INCREMENT BY 1
    NO MINVALUE
    NO MAXVALUE
    CACHE 1
);


--
-- TOC entry 219 (class 1259 OID 17273)
-- Name: auth_permission; Type: TABLE; Schema: public; Owner: postgres
--

CREATE TABLE public.auth_permission (
    id integer NOT NULL,
    name character varying(255) NOT NULL,
    content_type_id integer NOT NULL,
    codename character varying(100) NOT NULL
);


ALTER TABLE public.auth_permission OWNER TO postgres;

--
-- TOC entry 218 (class 1259 OID 17272)
-- Name: auth_permission_id_seq; Type: SEQUENCE; Schema: public; Owner: postgres
--

ALTER TABLE public.auth_permission ALTER COLUMN id ADD GENERATED BY DEFAULT AS IDENTITY (
    SEQUENCE NAME public.auth_permission_id_seq
    START WITH 1
    INCREMENT BY 1
    NO MINVALUE
    NO MAXVALUE
    CACHE 1
);


--
-- TOC entry 231 (class 1259 OID 17370)
-- Name: django_admin_log; Type: TABLE; Schema: public; Owner: postgres
--

CREATE TABLE public.django_admin_log (
    id integer NOT NULL,
    action_time timestamp with time zone NOT NULL,
    object_id text,
    object_repr character varying(200) NOT NULL,
    action_flag smallint NOT NULL,
    change_message text NOT NULL,
    content_type_id integer,
    user_id bigint NOT NULL,
    CONSTRAINT django_admin_log_action_flag_check CHECK ((action_flag >= 0))
);


ALTER TABLE public.django_admin_log OWNER TO postgres;

--
-- TOC entry 230 (class 1259 OID 17369)
-- Name: django_admin_log_id_seq; Type: SEQUENCE; Schema: public; Owner: postgres
--

ALTER TABLE public.django_admin_log ALTER COLUMN id ADD GENERATED BY DEFAULT AS IDENTITY (
    SEQUENCE NAME public.django_admin_log_id_seq
    START WITH 1
    INCREMENT BY 1
    NO MINVALUE
    NO MAXVALUE
    CACHE 1
);


--
-- TOC entry 217 (class 1259 OID 17265)
-- Name: django_content_type; Type: TABLE; Schema: public; Owner: postgres
--

CREATE TABLE public.django_content_type (
    id integer NOT NULL,
    app_label character varying(100) NOT NULL,
    model character varying(100) NOT NULL
);


ALTER TABLE public.django_content_type OWNER TO postgres;

--
-- TOC entry 216 (class 1259 OID 17264)
-- Name: django_content_type_id_seq; Type: SEQUENCE; Schema: public; Owner: postgres
--

ALTER TABLE public.django_content_type ALTER COLUMN id ADD GENERATED BY DEFAULT AS IDENTITY (
    SEQUENCE NAME public.django_content_type_id_seq
    START WITH 1
    INCREMENT BY 1
    NO MINVALUE
    NO MAXVALUE
    CACHE 1
);


--
-- TOC entry 260 (class 1259 OID 17600)
-- Name: django_flatpage; Type: TABLE; Schema: public; Owner: postgres
--

CREATE TABLE public.django_flatpage (
    id integer NOT NULL,
    url character varying(100) NOT NULL,
    title character varying(200) NOT NULL,
    content text NOT NULL,
    enable_comments boolean NOT NULL,
    template_name character varying(70) NOT NULL,
    registration_required boolean NOT NULL
);


ALTER TABLE public.django_flatpage OWNER TO postgres;

--
-- TOC entry 259 (class 1259 OID 17599)
-- Name: django_flatpage_id_seq; Type: SEQUENCE; Schema: public; Owner: postgres
--

ALTER TABLE public.django_flatpage ALTER COLUMN id ADD GENERATED BY DEFAULT AS IDENTITY (
    SEQUENCE NAME public.django_flatpage_id_seq
    START WITH 1
    INCREMENT BY 1
    NO MINVALUE
    NO MAXVALUE
    CACHE 1
);


--
-- TOC entry 262 (class 1259 OID 17608)
-- Name: django_flatpage_sites; Type: TABLE; Schema: public; Owner: postgres
--

CREATE TABLE public.django_flatpage_sites (
    id bigint NOT NULL,
    flatpage_id integer NOT NULL,
    site_id integer NOT NULL
);


ALTER TABLE public.django_flatpage_sites OWNER TO postgres;

--
-- TOC entry 261 (class 1259 OID 17607)
-- Name: django_flatpage_sites_id_seq; Type: SEQUENCE; Schema: public; Owner: postgres
--

ALTER TABLE public.django_flatpage_sites ALTER COLUMN id ADD GENERATED BY DEFAULT AS IDENTITY (
    SEQUENCE NAME public.django_flatpage_sites_id_seq
    START WITH 1
    INCREMENT BY 1
    NO MINVALUE
    NO MAXVALUE
    CACHE 1
);


--
-- TOC entry 215 (class 1259 OID 17257)
-- Name: django_migrations; Type: TABLE; Schema: public; Owner: postgres
--

CREATE TABLE public.django_migrations (
    id bigint NOT NULL,
    app character varying(255) NOT NULL,
    name character varying(255) NOT NULL,
    applied timestamp with time zone NOT NULL
);


ALTER TABLE public.django_migrations OWNER TO postgres;

--
-- TOC entry 214 (class 1259 OID 17256)
-- Name: django_migrations_id_seq; Type: SEQUENCE; Schema: public; Owner: postgres
--

ALTER TABLE public.django_migrations ALTER COLUMN id ADD GENERATED BY DEFAULT AS IDENTITY (
    SEQUENCE NAME public.django_migrations_id_seq
    START WITH 1
    INCREMENT BY 1
    NO MINVALUE
    NO MAXVALUE
    CACHE 1
);


--
-- TOC entry 232 (class 1259 OID 17390)
-- Name: django_session; Type: TABLE; Schema: public; Owner: postgres
--

CREATE TABLE public.django_session (
    session_key character varying(40) NOT NULL,
    session_data text NOT NULL,
    expire_date timestamp with time zone NOT NULL
);


ALTER TABLE public.django_session OWNER TO postgres;

--
-- TOC entry 234 (class 1259 OID 17400)
-- Name: django_site; Type: TABLE; Schema: public; Owner: postgres
--

CREATE TABLE public.django_site (
    id integer NOT NULL,
    domain character varying(100) NOT NULL,
    name character varying(50) NOT NULL
);


ALTER TABLE public.django_site OWNER TO postgres;

--
-- TOC entry 233 (class 1259 OID 17399)
-- Name: django_site_id_seq; Type: SEQUENCE; Schema: public; Owner: postgres
--

ALTER TABLE public.django_site ALTER COLUMN id ADD GENERATED BY DEFAULT AS IDENTITY (
    SEQUENCE NAME public.django_site_id_seq
    START WITH 1
    INCREMENT BY 1
    NO MINVALUE
    NO MAXVALUE
    CACHE 1
);


--
-- TOC entry 240 (class 1259 OID 17442)
-- Name: socialaccount_socialaccount; Type: TABLE; Schema: public; Owner: postgres
--

CREATE TABLE public.socialaccount_socialaccount (
    id integer NOT NULL,
    provider character varying(30) NOT NULL,
    uid character varying(191) NOT NULL,
    last_login timestamp with time zone NOT NULL,
    date_joined timestamp with time zone NOT NULL,
    extra_data text NOT NULL,
    user_id bigint NOT NULL
);


ALTER TABLE public.socialaccount_socialaccount OWNER TO postgres;

--
-- TOC entry 239 (class 1259 OID 17441)
-- Name: socialaccount_socialaccount_id_seq; Type: SEQUENCE; Schema: public; Owner: postgres
--

ALTER TABLE public.socialaccount_socialaccount ALTER COLUMN id ADD GENERATED BY DEFAULT AS IDENTITY (
    SEQUENCE NAME public.socialaccount_socialaccount_id_seq
    START WITH 1
    INCREMENT BY 1
    NO MINVALUE
    NO MAXVALUE
    CACHE 1
);


--
-- TOC entry 242 (class 1259 OID 17450)
-- Name: socialaccount_socialapp; Type: TABLE; Schema: public; Owner: postgres
--

CREATE TABLE public.socialaccount_socialapp (
    id integer NOT NULL,
    provider character varying(30) NOT NULL,
    name character varying(40) NOT NULL,
    client_id character varying(191) NOT NULL,
    secret character varying(191) NOT NULL,
    key character varying(191) NOT NULL
);


ALTER TABLE public.socialaccount_socialapp OWNER TO postgres;

--
-- TOC entry 241 (class 1259 OID 17449)
-- Name: socialaccount_socialapp_id_seq; Type: SEQUENCE; Schema: public; Owner: postgres
--

ALTER TABLE public.socialaccount_socialapp ALTER COLUMN id ADD GENERATED BY DEFAULT AS IDENTITY (
    SEQUENCE NAME public.socialaccount_socialapp_id_seq
    START WITH 1
    INCREMENT BY 1
    NO MINVALUE
    NO MAXVALUE
    CACHE 1
);


--
-- TOC entry 244 (class 1259 OID 17456)
-- Name: socialaccount_socialapp_sites; Type: TABLE; Schema: public; Owner: postgres
--

CREATE TABLE public.socialaccount_socialapp_sites (
    id bigint NOT NULL,
    socialapp_id integer NOT NULL,
    site_id integer NOT NULL
);


ALTER TABLE public.socialaccount_socialapp_sites OWNER TO postgres;

--
-- TOC entry 243 (class 1259 OID 17455)
-- Name: socialaccount_socialapp_sites_id_seq; Type: SEQUENCE; Schema: public; Owner: postgres
--

ALTER TABLE public.socialaccount_socialapp_sites ALTER COLUMN id ADD GENERATED BY DEFAULT AS IDENTITY (
    SEQUENCE NAME public.socialaccount_socialapp_sites_id_seq
    START WITH 1
    INCREMENT BY 1
    NO MINVALUE
    NO MAXVALUE
    CACHE 1
);


--
-- TOC entry 246 (class 1259 OID 17462)
-- Name: socialaccount_socialtoken; Type: TABLE; Schema: public; Owner: postgres
--

CREATE TABLE public.socialaccount_socialtoken (
    id integer NOT NULL,
    token text NOT NULL,
    token_secret text NOT NULL,
    expires_at timestamp with time zone,
    account_id integer NOT NULL,
    app_id integer NOT NULL
);


ALTER TABLE public.socialaccount_socialtoken OWNER TO postgres;

--
-- TOC entry 245 (class 1259 OID 17461)
-- Name: socialaccount_socialtoken_id_seq; Type: SEQUENCE; Schema: public; Owner: postgres
--

ALTER TABLE public.socialaccount_socialtoken ALTER COLUMN id ADD GENERATED BY DEFAULT AS IDENTITY (
    SEQUENCE NAME public.socialaccount_socialtoken_id_seq
    START WITH 1
    INCREMENT BY 1
    NO MINVALUE
    NO MAXVALUE
    CACHE 1
);


--
-- TOC entry 3629 (class 0 OID 17533)
-- Dependencies: 254
-- Data for Name: Coordinators; Type: TABLE DATA; Schema: public; Owner: postgres
--

COPY public."Coordinators" (id, is_check, user_id_id, is_active) FROM stdin;
72	t	72	t
73	t	73	t
\.


--
-- TOC entry 3623 (class 0 OID 17509)
-- Dependencies: 248
-- Data for Name: Departments; Type: TABLE DATA; Schema: public; Owner: postgres
--

COPY public."Departments" (id, name) FROM stdin;
1	Министерство Спорта
2	Министерство Здоровья
3	Министерство Образования
\.


--
-- TOC entry 3633 (class 0 OID 17573)
-- Dependencies: 258
-- Data for Name: Events; Type: TABLE DATA; Schema: public; Owner: postgres
--

COPY public."Events" (id, name, description, datetime, is_check, is_finished, photo, location_id_id, recipient_id_id) FROM stdin;
10	Контрольная	опис	2023-08-09 15:11:52+03	t	f		14	82
9	Учеба	описание	2023-08-08 14:11:52+03	t	t		14	82
11	Анализы		2023-08-10 15:11:52+03	f	f		12	82
\.


--
-- TOC entry 3631 (class 0 OID 17563)
-- Dependencies: 256
-- Data for Name: Locations; Type: TABLE DATA; Schema: public; Owner: postgres
--

COPY public."Locations" (id, name, address, lat, lon, phone, email, photo, department_id_id, is_active) FROM stdin;
10	Бассейн	Адрес1	0.000004	0.000002	+79274446633		locations/Снимок_экрана_2023-05-31_165408_8b5ovFQ.png	1	t
11	Стадион	Адрес2	0.000014	0.000001	+79272264166			1	t
12	Больница	Адрес3	\N	\N	+79271115599			2	t
13	Поликлиника	Адрес4	\N	\N	+79642222222			2	t
14	Школа	Адрес5	\N	\N	+79645555555			3	t
15	Университет	Адрес6	\N	\N	+79274444444			3	f
\.


--
-- TOC entry 3627 (class 0 OID 17525)
-- Dependencies: 252
-- Data for Name: Operators; Type: TABLE DATA; Schema: public; Owner: postgres
--

COPY public."Operators" (id, is_check, department_id_id, user_id_id, is_active) FROM stdin;
78	t	3	78	t
77	t	2	77	t
74	t	1	74	t
75	t	1	75	t
76	t	2	76	t
79	t	3	79	f
\.


--
-- TOC entry 3625 (class 0 OID 17517)
-- Dependencies: 250
-- Data for Name: Recipients; Type: TABLE DATA; Schema: public; Owner: postgres
--

COPY public."Recipients" (id, is_check, user_id_id, is_active) FROM stdin;
80	f	80	t
82	t	82	t
81	f	81	f
83	t	83	t
\.


--
-- TOC entry 3600 (class 0 OID 17319)
-- Dependencies: 225
-- Data for Name: Users; Type: TABLE DATA; Schema: public; Owner: postgres
--

COPY public."Users" (id, password, last_login, is_superuser, username, name, surname, middle_name, staff, phone, email, photo, date_joined, is_staff, department_id_id) FROM stdin;
81	pbkdf2_sha256$600000$zih2jNRyBQRkyqRIGuodXW$QtvuM07/QpaUIj3C8SfCMXLPobunJUyBvq9JxU8YbfI=	\N	f	rec2	Рец2	Реципиент		RE	+79653333332		users/Снимок_экрана_2023-07-05_103332_uBstZQp.png	2023-08-08 14:35:52.404568+03	f	\N
82	pbkdf2_sha256$600000$lubeG48l7Vz9tJBtBi9Tmn$osoMt4TDYWQOfysP9hCgnjAprPf3Lwhw2XAY4e6BgZw=	\N	f	rec3	Пол3	Получатель		RE	+79653338822	iisolovyev@gmail.com		2023-08-08 14:47:43.915746+03	f	\N
74	pbkdf2_sha256$600000$hVkn2AEN63La7430mfPGH7$ws8dQTPXTc49mbFSgvzRCPDJTX/GBtc/oNQXm/M4MVw=	2023-08-08 14:27:05.381839+03	f	oper1	Опер1.1	Оператор1.1		OP	+79274441133	info@4164.ru	users/Снимок_экрана_2023-05-31_165408_cdYQ1PE.png	2023-08-08 14:22:39.87366+03	f	1
72	pbkdf2_sha256$600000$WOSyUPyfVK95XR3dquzNQk$0dkKFR8J56wrM4hT38nLZEWjv3QrB6TbCnlOEV0V6/w=	2023-08-08 14:54:26.995046+03	f	coord1	Коорд1	Координатор1		CO	+79645556699	head@4164.ru	users/08d43f80-86da-4274-a05b-3b75dc78b857_XMIrIb9.jpg	2023-08-08 14:18:13.651925+03	f	\N
75	pbkdf2_sha256$600000$Ah4uZQxCnBc8ycJxxYYDWq$N7sNPvQDuaRqozdtQXssw+om+gNMkFQqQ+4pSr5NgjE=	2023-08-08 14:29:51.560156+03	f	oper2	Опер1.2	Оператор1.2		OP	+79274441123	info@4164.ru	users/Снимок_экрана_2023-05-31_165408_03FaWzO.png	2023-08-08 14:23:10.436158+03	f	1
77	pbkdf2_sha256$600000$I4MIXX6m0w1FuuurIAWpPD$xH8I9cjqVIpjgvfYA6i1ep4Bp7/u+rfcZjlVJgU/L2g=	2023-08-08 14:31:37.132015+03	f	oper4	Опер2.2	Оператор2.2		OP	+79274442126	info@4164.ru	users/Снимок_экрана_2023-05-31_165408_3s8TT7m.png	2023-08-08 14:24:14.923888+03	f	2
79	pbkdf2_sha256$600000$1Q3zEgjQq1GX1hYS2TmKVH$rN1S94OWrrXxF+TTJdrGaZd2J5zr/yNlZO16zYeMXgE=	2023-08-08 14:32:40.120788+03	f	oper6	Опер3.2	Оператор3.2		OP	+79274942176	info@4164.ru	users/Снимок_экрана_2023-07-05_103128_EALYCMH.png	2023-08-08 14:25:11.496971+03	f	3
80	pbkdf2_sha256$600000$EBwPnXPtvp9Pxq59sjgVW0$/5fB2qKBZNp+y3nsdJL8kWb8HwSTpbVopm5gmZzSUjA=	\N	f	rec1	Рец1	Реципиент		RE	+79653333333		users/Снимок_экрана_2023-07-05_103332.png	2023-08-08 14:35:27.425535+03	f	\N
78	pbkdf2_sha256$600000$IhaUwi8HNPUsgFDMDq2IzG$c726nXHDNDXYj0ltDasQHXdWQt4nU5V5v9k06t0ga4M=	2023-08-08 15:17:06.849379+03	f	oper5	Опер3.1	Оператор3.1		OP	+79274442176	info@4164.ru	users/Снимок_экрана_2023-07-05_103128_Pp2uuX1.png	2023-08-08 14:24:46.816355+03	f	3
76	pbkdf2_sha256$600000$a7HU8SMabL52ROa4P33TYT$LdYibIPw4gg6kwfT1K57BgDFaDYTYB+/vu8JuGGjP5w=	2023-08-08 15:17:28.470059+03	f	oper3	Опер2.1	Оператор2.1		OP	+79274441126	info@4164.ru	users/Снимок_экрана_2023-05-31_165408_JVhhaXG.png	2023-08-08 14:23:40.508335+03	f	2
73	pbkdf2_sha256$600000$mJngG5hsukICFdTkuqc7et$kw0LsxPJezqEeOY8LskL+81W4Ixx4HQkZctQGBxPzA0=	2023-08-21 14:13:04.407762+03	f	coord2	Коорд2	Координатор2		CO	+79996663322	head@4164.ru	users/qr-code_QyQj5Cs.gif	2023-08-08 14:21:00.137922+03	f	\N
71	pbkdf2_sha256$600000$b1L4cd70Wu36LWMhC1O6rX$nJTCsviTsw0y2/l1RIt5e+TYGBxmBzbksVhRxZVXrnU=	2023-08-23 13:42:07.488203+03	t	admin	Илья	Соловьев		AD	+79648455553	i.solovyov@maksoft.ru		2023-08-08 14:15:50+03	t	\N
83	pbkdf2_sha256$600000$ljSq9tka5IdKG9iIWNYXCO$MW7eez49GcyeoSsYW9ZLQS3V+a8p3+cZbg4kmN34sr0=	2023-08-23 10:32:30.048271+03	f	rec4	Пол4	Получатель4		RE	+79274446666		users/Схема_проезда_CJMTIlm.png	2023-08-08 14:54:18.390396+03	f	\N
\.


--
-- TOC entry 3602 (class 0 OID 17329)
-- Dependencies: 227
-- Data for Name: Users_groups; Type: TABLE DATA; Schema: public; Owner: postgres
--

COPY public."Users_groups" (id, user_id, group_id) FROM stdin;
\.


--
-- TOC entry 3604 (class 0 OID 17335)
-- Dependencies: 229
-- Data for Name: Users_user_permissions; Type: TABLE DATA; Schema: public; Owner: postgres
--

COPY public."Users_user_permissions" (id, user_id, permission_id) FROM stdin;
\.


--
-- TOC entry 3611 (class 0 OID 17409)
-- Dependencies: 236
-- Data for Name: account_emailaddress; Type: TABLE DATA; Schema: public; Owner: postgres
--

COPY public.account_emailaddress (id, email, verified, "primary", user_id) FROM stdin;
\.


--
-- TOC entry 3613 (class 0 OID 17417)
-- Dependencies: 238
-- Data for Name: account_emailconfirmation; Type: TABLE DATA; Schema: public; Owner: postgres
--

COPY public.account_emailconfirmation (id, created, sent, key, email_address_id) FROM stdin;
\.


--
-- TOC entry 3596 (class 0 OID 17279)
-- Dependencies: 221
-- Data for Name: auth_group; Type: TABLE DATA; Schema: public; Owner: postgres
--

COPY public.auth_group (id, name) FROM stdin;
\.


--
-- TOC entry 3598 (class 0 OID 17287)
-- Dependencies: 223
-- Data for Name: auth_group_permissions; Type: TABLE DATA; Schema: public; Owner: postgres
--

COPY public.auth_group_permissions (id, group_id, permission_id) FROM stdin;
\.


--
-- TOC entry 3594 (class 0 OID 17273)
-- Dependencies: 219
-- Data for Name: auth_permission; Type: TABLE DATA; Schema: public; Owner: postgres
--

COPY public.auth_permission (id, name, content_type_id, codename) FROM stdin;
1	Can add permission	1	add_permission
2	Can change permission	1	change_permission
3	Can delete permission	1	delete_permission
4	Can view permission	1	view_permission
5	Can add group	2	add_group
6	Can change group	2	change_group
7	Can delete group	2	delete_group
8	Can view group	2	view_group
9	Can add content type	3	add_contenttype
10	Can change content type	3	change_contenttype
11	Can delete content type	3	delete_contenttype
12	Can view content type	3	view_contenttype
13	Can add user	4	add_user
14	Can change user	4	change_user
15	Can delete user	4	delete_user
16	Can view user	4	view_user
17	Can add log entry	5	add_logentry
18	Can change log entry	5	change_logentry
19	Can delete log entry	5	delete_logentry
20	Can view log entry	5	view_logentry
21	Can add session	6	add_session
22	Can change session	6	change_session
23	Can delete session	6	delete_session
24	Can view session	6	view_session
25	Can add site	7	add_site
26	Can change site	7	change_site
27	Can delete site	7	delete_site
28	Can view site	7	view_site
29	Can add email address	8	add_emailaddress
30	Can change email address	8	change_emailaddress
31	Can delete email address	8	delete_emailaddress
32	Can view email address	8	view_emailaddress
33	Can add email confirmation	9	add_emailconfirmation
34	Can change email confirmation	9	change_emailconfirmation
35	Can delete email confirmation	9	delete_emailconfirmation
36	Can view email confirmation	9	view_emailconfirmation
37	Can add social account	10	add_socialaccount
38	Can change social account	10	change_socialaccount
39	Can delete social account	10	delete_socialaccount
40	Can view social account	10	view_socialaccount
41	Can add social application	11	add_socialapp
42	Can change social application	11	change_socialapp
43	Can delete social application	11	delete_socialapp
44	Can view social application	11	view_socialapp
45	Can add social application token	12	add_socialtoken
46	Can change social application token	12	change_socialtoken
47	Can delete social application token	12	delete_socialtoken
48	Can view social application token	12	view_socialtoken
49	Can add coordinator	13	add_coordinator
50	Can change coordinator	13	change_coordinator
51	Can delete coordinator	13	delete_coordinator
52	Can view coordinator	13	view_coordinator
53	Can add department	14	add_department
54	Can change department	14	change_department
55	Can delete department	14	delete_department
56	Can view department	14	view_department
57	Can add recipient	15	add_recipient
58	Can change recipient	15	change_recipient
59	Can delete recipient	15	delete_recipient
60	Can view recipient	15	view_recipient
61	Can add operator	16	add_operator
62	Can change operator	16	change_operator
63	Can delete operator	16	delete_operator
64	Can view operator	16	view_operator
65	Can add location	17	add_location
66	Can change location	17	change_location
67	Can delete location	17	delete_location
68	Can view location	17	view_location
69	Can add event	18	add_event
70	Can change event	18	change_event
71	Can delete event	18	delete_event
72	Can view event	18	view_event
73	Can add flat page	19	add_flatpage
74	Can change flat page	19	change_flatpage
75	Can delete flat page	19	delete_flatpage
76	Can view flat page	19	view_flatpage
77	Can add location	20	add_location
78	Can change location	20	change_location
79	Can delete location	20	delete_location
80	Can view location	20	view_location
81	Can add event	21	add_event
82	Can change event	21	change_event
83	Can delete event	21	delete_event
84	Can view event	21	view_event
\.


--
-- TOC entry 3606 (class 0 OID 17370)
-- Dependencies: 231
-- Data for Name: django_admin_log; Type: TABLE DATA; Schema: public; Owner: postgres
--

COPY public.django_admin_log (id, action_time, object_id, object_repr, action_flag, change_message, content_type_id, user_id) FROM stdin;
143	2023-08-08 14:17:01.174999+03	71	Соловьев Администратор	2	[{"changed": {"fields": ["\\u0418\\u043c\\u044f", "\\u0424\\u0430\\u043c\\u0438\\u043b\\u0438\\u044f", "\\u0422\\u0435\\u043b\\u0435\\u0444\\u043e\\u043d", "\\u042d\\u043b. \\u043f\\u043e\\u0447\\u0442\\u0430"]}}]	4	71
144	2023-08-08 14:18:53.935912+03	72	Координатор1 Коорд1	2	[{"changed": {"fields": ["\\u041f\\u0440\\u043e\\u0432\\u0435\\u0440\\u043a\\u0430"]}}]	13	71
145	2023-08-08 14:21:21.69866+03	73	Координатор2 Коорд2	2	[{"changed": {"fields": ["\\u041f\\u0440\\u043e\\u0432\\u0435\\u0440\\u043a\\u0430"]}}]	13	71
146	2023-08-08 14:25:43.540541+03	79	Оператор3.2 Опер3.2 | Министерство Образования	2	[{"changed": {"fields": ["\\u041f\\u0440\\u043e\\u0432\\u0435\\u0440\\u043a\\u0430"]}}]	16	71
147	2023-08-08 14:25:47.000199+03	79	Оператор3.2 Опер3.2 | Министерство Образования	2	[]	16	71
148	2023-08-08 14:25:50.801389+03	78	Оператор3.1 Опер3.1 | Министерство Образования	2	[{"changed": {"fields": ["\\u041f\\u0440\\u043e\\u0432\\u0435\\u0440\\u043a\\u0430"]}}]	16	71
149	2023-08-08 14:25:54.682595+03	75	Оператор1.2 Опер1.2 | Министерство Спорта	2	[{"changed": {"fields": ["\\u041f\\u0440\\u043e\\u0432\\u0435\\u0440\\u043a\\u0430"]}}]	16	71
150	2023-08-08 14:25:59.139237+03	77	Оператор2.2 Опер2.2 | Министерство Здоровья	2	[{"changed": {"fields": ["\\u041f\\u0440\\u043e\\u0432\\u0435\\u0440\\u043a\\u0430"]}}]	16	71
151	2023-08-08 14:26:03.115219+03	76	Оператор2.1 Опер2.1 | Министерство Здоровья	2	[{"changed": {"fields": ["\\u041f\\u0440\\u043e\\u0432\\u0435\\u0440\\u043a\\u0430"]}}]	16	71
152	2023-08-08 14:26:07.165504+03	74	Оператор1.1 Опер1.1 | Министерство Спорта	2	[{"changed": {"fields": ["\\u041f\\u0440\\u043e\\u0432\\u0435\\u0440\\u043a\\u0430"]}}]	16	71
153	2023-08-08 14:26:10.400917+03	75	Оператор1.2 Опер1.2 | Министерство Спорта	2	[]	16	71
154	2023-08-08 14:26:12.728904+03	76	Оператор2.1 Опер2.1 | Министерство Здоровья	2	[]	16	71
\.


--
-- TOC entry 3592 (class 0 OID 17265)
-- Dependencies: 217
-- Data for Name: django_content_type; Type: TABLE DATA; Schema: public; Owner: postgres
--

COPY public.django_content_type (id, app_label, model) FROM stdin;
1	auth	permission
2	auth	group
3	contenttypes	contenttype
4	Minapp	user
5	admin	logentry
6	sessions	session
7	sites	site
8	account	emailaddress
9	account	emailconfirmation
10	socialaccount	socialaccount
11	socialaccount	socialapp
12	socialaccount	socialtoken
13	Minapp	coordinator
14	Minapp	department
15	Minapp	recipient
16	Minapp	operator
17	Operators	location
18	Operators	event
19	flatpages	flatpage
20	Minapp	location
21	Minapp	event
\.


--
-- TOC entry 3635 (class 0 OID 17600)
-- Dependencies: 260
-- Data for Name: django_flatpage; Type: TABLE DATA; Schema: public; Owner: postgres
--

COPY public.django_flatpage (id, url, title, content, enable_comments, template_name, registration_required) FROM stdin;
\.


--
-- TOC entry 3637 (class 0 OID 17608)
-- Dependencies: 262
-- Data for Name: django_flatpage_sites; Type: TABLE DATA; Schema: public; Owner: postgres
--

COPY public.django_flatpage_sites (id, flatpage_id, site_id) FROM stdin;
\.


--
-- TOC entry 3590 (class 0 OID 17257)
-- Dependencies: 215
-- Data for Name: django_migrations; Type: TABLE DATA; Schema: public; Owner: postgres
--

COPY public.django_migrations (id, app, name, applied) FROM stdin;
1	contenttypes	0001_initial	2023-07-11 14:56:33.525736+03
2	contenttypes	0002_remove_content_type_name	2023-07-11 14:56:33.525736+03
3	auth	0001_initial	2023-07-11 14:56:33.556986+03
4	auth	0002_alter_permission_name_max_length	2023-07-11 14:56:33.556986+03
5	auth	0003_alter_user_email_max_length	2023-07-11 14:56:33.57261+03
6	auth	0004_alter_user_username_opts	2023-07-11 14:56:33.57261+03
7	auth	0005_alter_user_last_login_null	2023-07-11 14:56:33.57261+03
8	auth	0006_require_contenttypes_0002	2023-07-11 14:56:33.57261+03
9	auth	0007_alter_validators_add_error_messages	2023-07-11 14:56:33.57261+03
10	auth	0008_alter_user_username_max_length	2023-07-11 14:56:33.57261+03
11	auth	0009_alter_user_last_name_max_length	2023-07-11 14:56:33.57261+03
12	auth	0010_alter_group_name_max_length	2023-07-11 14:56:33.588235+03
13	auth	0011_update_proxy_permissions	2023-07-11 14:56:33.588235+03
14	auth	0012_alter_user_first_name_max_length	2023-07-11 14:56:33.588235+03
15	Minapp	0001_initial	2023-07-11 14:56:33.619484+03
16	admin	0001_initial	2023-07-11 14:56:55.72106+03
17	admin	0002_logentry_remove_auto_add	2023-07-11 14:56:55.72106+03
18	admin	0003_logentry_add_action_flag_choices	2023-07-11 14:56:55.72106+03
19	sessions	0001_initial	2023-07-11 14:56:55.736725+03
20	sites	0001_initial	2023-07-11 14:56:55.736725+03
21	sites	0002_alter_domain_unique	2023-07-11 14:56:55.752353+03
22	account	0001_initial	2023-07-11 15:33:39.184166+03
23	account	0002_email_max_length	2023-07-11 15:33:39.199759+03
24	socialaccount	0001_initial	2023-07-11 15:33:39.246632+03
25	socialaccount	0002_token_max_lengths	2023-07-11 15:33:39.262259+03
26	socialaccount	0003_extra_data_default_dict	2023-07-11 15:33:39.262259+03
27	Minapp	0002_department_recipient_operator_coordinator	2023-07-11 17:29:42.934086+03
28	Operators	0001_initial	2023-07-11 17:29:42.968084+03
29	flatpages	0001_initial	2023-07-12 16:28:02.654819+03
30	Minapp	0003_alter_user_email_alter_user_phone	2023-07-14 10:36:38.347049+03
31	Operators	0002_alter_location_phone	2023-07-14 10:36:38.362671+03
32	Minapp	0004_rename_login_user_username	2023-07-14 11:32:22.516571+03
33	Minapp	0005_remove_user_is_active_coordinator_is_active_and_more	2023-07-18 15:03:45.533347+03
34	Minapp	0006_user_department_id	2023-07-20 16:29:27.995735+03
35	Minapp	0002_location_is_active_alter_location_name	2023-07-24 16:10:54.77502+03
36	Minapp	0003_alter_user_email	2023-07-25 10:29:05.570981+03
37	Minapp	0004_alter_event_datetime	2023-07-25 16:02:53.981589+03
38	Minapp	0005_alter_event_datetime_alter_user_department_id	2023-08-01 15:24:40.700125+03
39	Minapp	0006_alter_event_datetime	2023-08-21 16:04:13.928353+03
40	Minapp	0007_alter_event_datetime_alter_user_username	2023-08-21 16:20:43.314494+03
41	Minapp	0008_alter_event_datetime	2023-08-21 16:27:38.786488+03
42	Minapp	0009_alter_event_datetime	2023-08-21 16:39:36.855662+03
43	Minapp	0010_alter_event_datetime	2023-08-21 16:39:36.867661+03
44	Minapp	0011_alter_event_datetime	2023-08-21 16:39:36.870661+03
45	Minapp	0012_alter_event_datetime	2023-08-21 16:41:21.190214+03
46	Minapp	0013_alter_event_datetime	2023-08-21 17:54:51.403708+03
47	Minapp	0014_alter_event_datetime	2023-08-22 15:09:32.069103+03
\.


--
-- TOC entry 3607 (class 0 OID 17390)
-- Dependencies: 232
-- Data for Name: django_session; Type: TABLE DATA; Schema: public; Owner: postgres
--

COPY public.django_session (session_key, session_data, expire_date) FROM stdin;
ttyjck85t4gbpd9qgtk64pyn35jehtnh	.eJxVjDsOwjAQRO_iGlkkhuyakp4zRPszCSBbipMKcXcSKQU0U8x7M2_X0zIP_VJt6kd1FwfBHX5LJnla3og-KN-Ll5LnaWS_KX6n1d-K2uu6u38HA9VhXbNgUtCWIthRupN1bBrPJKnhYNYCAq4JwAkDSYvaYNTQJImCIbD7fAE_fzkb:1qY2qG:BuGQeOtQTWtBn0Z-qRC3Hpkn1kyKI51wtnwLZ2UcSPs	2023-09-04 14:13:04.418761+03
m28mg1vrg2f0nui8bkljaza89ybk13k0	.eJxVjDsOwyAQRO9CHSEWIz4p0-cMaGEhOIlAMnZl5e4xkoukGmnem9mZx20tfutp8TOxKwN2-e0CxleqA9AT66Px2Oq6zIEPhZ-083uj9L6d7t9BwV6OtQGHOVgpghUxo55U1lZJsGAipAikULhJAKIzQBml1CgjHWHD8NnnC9mIN-Y:1qOZRJ:jkdLWRPVSoKRrJTfaOHAiGoPJ9Ja8JXYgXR1t1vSQRE	2023-08-09 11:00:09.787022+03
7w6wsb6ryfjzqileaiozjn4rwk39i8cv	e30:1qJDkK:M9kht3kNm18Ko0dB2tcmPvLYcFD0Ys49Zn9XyeeMoCw	2023-07-25 16:49:40.870613+03
0w0v3pc8sog75oc8i6a971r4vjd7ewzd	e30:1qJDmY:Lu-2M94TYhT3190-93Lsmvmz5T8DoTJJRz1C_CYSUI0	2023-07-25 16:51:58.326701+03
ta6gspa7k6hbbdhxlqcbef494u83x39e	.eJxVjMEOwiAQRP-FsyFAuyAevfsNhGUXqRpISnsy_rtt0oPeJvPezFuEuC4lrJ3nMJG4CGfF6bfEmJ5cd0KPWO9NplaXeUK5K_KgXd4a8et6uH8HJfayrTU4xzrbbDQ7MwCe0Rv0YLZgMyQExOyTynoYRgUMakQyxEpT9Mpa8fkCBsU4BA:1qTLeS:08Pfa-rG3hom1PQ9eQcGPx0_skgq1uHOE9XyXAwjCGs	2023-08-22 15:17:28.47106+03
\.


--
-- TOC entry 3609 (class 0 OID 17400)
-- Dependencies: 234
-- Data for Name: django_site; Type: TABLE DATA; Schema: public; Owner: postgres
--

COPY public.django_site (id, domain, name) FROM stdin;
1	example.com	example.com
\.


--
-- TOC entry 3615 (class 0 OID 17442)
-- Dependencies: 240
-- Data for Name: socialaccount_socialaccount; Type: TABLE DATA; Schema: public; Owner: postgres
--

COPY public.socialaccount_socialaccount (id, provider, uid, last_login, date_joined, extra_data, user_id) FROM stdin;
\.


--
-- TOC entry 3617 (class 0 OID 17450)
-- Dependencies: 242
-- Data for Name: socialaccount_socialapp; Type: TABLE DATA; Schema: public; Owner: postgres
--

COPY public.socialaccount_socialapp (id, provider, name, client_id, secret, key) FROM stdin;
\.


--
-- TOC entry 3619 (class 0 OID 17456)
-- Dependencies: 244
-- Data for Name: socialaccount_socialapp_sites; Type: TABLE DATA; Schema: public; Owner: postgres
--

COPY public.socialaccount_socialapp_sites (id, socialapp_id, site_id) FROM stdin;
\.


--
-- TOC entry 3621 (class 0 OID 17462)
-- Dependencies: 246
-- Data for Name: socialaccount_socialtoken; Type: TABLE DATA; Schema: public; Owner: postgres
--

COPY public.socialaccount_socialtoken (id, token, token_secret, expires_at, account_id, app_id) FROM stdin;
\.


--
-- TOC entry 3643 (class 0 OID 0)
-- Dependencies: 253
-- Name: Coordinators_id_seq; Type: SEQUENCE SET; Schema: public; Owner: postgres
--

SELECT pg_catalog.setval('public."Coordinators_id_seq"', 52, true);


--
-- TOC entry 3644 (class 0 OID 0)
-- Dependencies: 247
-- Name: Departments_id_seq; Type: SEQUENCE SET; Schema: public; Owner: postgres
--

SELECT pg_catalog.setval('public."Departments_id_seq"', 3, true);


--
-- TOC entry 3645 (class 0 OID 0)
-- Dependencies: 257
-- Name: Events_id_seq; Type: SEQUENCE SET; Schema: public; Owner: postgres
--

SELECT pg_catalog.setval('public."Events_id_seq"', 11, true);


--
-- TOC entry 3646 (class 0 OID 0)
-- Dependencies: 255
-- Name: Locations_id_seq; Type: SEQUENCE SET; Schema: public; Owner: postgres
--

SELECT pg_catalog.setval('public."Locations_id_seq"', 15, true);


--
-- TOC entry 3647 (class 0 OID 0)
-- Dependencies: 251
-- Name: Operators_id_seq; Type: SEQUENCE SET; Schema: public; Owner: postgres
--

SELECT pg_catalog.setval('public."Operators_id_seq"', 9, true);


--
-- TOC entry 3648 (class 0 OID 0)
-- Dependencies: 249
-- Name: Recipients_id_seq; Type: SEQUENCE SET; Schema: public; Owner: postgres
--

SELECT pg_catalog.setval('public."Recipients_id_seq"', 2, true);


--
-- TOC entry 3649 (class 0 OID 0)
-- Dependencies: 226
-- Name: Users_groups_id_seq; Type: SEQUENCE SET; Schema: public; Owner: postgres
--

SELECT pg_catalog.setval('public."Users_groups_id_seq"', 1, false);


--
-- TOC entry 3650 (class 0 OID 0)
-- Dependencies: 224
-- Name: Users_id_seq; Type: SEQUENCE SET; Schema: public; Owner: postgres
--

SELECT pg_catalog.setval('public."Users_id_seq"', 125, true);


--
-- TOC entry 3651 (class 0 OID 0)
-- Dependencies: 228
-- Name: Users_user_permissions_id_seq; Type: SEQUENCE SET; Schema: public; Owner: postgres
--

SELECT pg_catalog.setval('public."Users_user_permissions_id_seq"', 1, false);


--
-- TOC entry 3652 (class 0 OID 0)
-- Dependencies: 235
-- Name: account_emailaddress_id_seq; Type: SEQUENCE SET; Schema: public; Owner: postgres
--

SELECT pg_catalog.setval('public.account_emailaddress_id_seq', 1, false);


--
-- TOC entry 3653 (class 0 OID 0)
-- Dependencies: 237
-- Name: account_emailconfirmation_id_seq; Type: SEQUENCE SET; Schema: public; Owner: postgres
--

SELECT pg_catalog.setval('public.account_emailconfirmation_id_seq', 1, false);


--
-- TOC entry 3654 (class 0 OID 0)
-- Dependencies: 220
-- Name: auth_group_id_seq; Type: SEQUENCE SET; Schema: public; Owner: postgres
--

SELECT pg_catalog.setval('public.auth_group_id_seq', 1, false);


--
-- TOC entry 3655 (class 0 OID 0)
-- Dependencies: 222
-- Name: auth_group_permissions_id_seq; Type: SEQUENCE SET; Schema: public; Owner: postgres
--

SELECT pg_catalog.setval('public.auth_group_permissions_id_seq', 1, false);


--
-- TOC entry 3656 (class 0 OID 0)
-- Dependencies: 218
-- Name: auth_permission_id_seq; Type: SEQUENCE SET; Schema: public; Owner: postgres
--

SELECT pg_catalog.setval('public.auth_permission_id_seq', 84, true);


--
-- TOC entry 3657 (class 0 OID 0)
-- Dependencies: 230
-- Name: django_admin_log_id_seq; Type: SEQUENCE SET; Schema: public; Owner: postgres
--

SELECT pg_catalog.setval('public.django_admin_log_id_seq', 154, true);


--
-- TOC entry 3658 (class 0 OID 0)
-- Dependencies: 216
-- Name: django_content_type_id_seq; Type: SEQUENCE SET; Schema: public; Owner: postgres
--

SELECT pg_catalog.setval('public.django_content_type_id_seq', 21, true);


--
-- TOC entry 3659 (class 0 OID 0)
-- Dependencies: 259
-- Name: django_flatpage_id_seq; Type: SEQUENCE SET; Schema: public; Owner: postgres
--

SELECT pg_catalog.setval('public.django_flatpage_id_seq', 1, false);


--
-- TOC entry 3660 (class 0 OID 0)
-- Dependencies: 261
-- Name: django_flatpage_sites_id_seq; Type: SEQUENCE SET; Schema: public; Owner: postgres
--

SELECT pg_catalog.setval('public.django_flatpage_sites_id_seq', 1, false);


--
-- TOC entry 3661 (class 0 OID 0)
-- Dependencies: 214
-- Name: django_migrations_id_seq; Type: SEQUENCE SET; Schema: public; Owner: postgres
--

SELECT pg_catalog.setval('public.django_migrations_id_seq', 47, true);


--
-- TOC entry 3662 (class 0 OID 0)
-- Dependencies: 233
-- Name: django_site_id_seq; Type: SEQUENCE SET; Schema: public; Owner: postgres
--

SELECT pg_catalog.setval('public.django_site_id_seq', 1, true);


--
-- TOC entry 3663 (class 0 OID 0)
-- Dependencies: 239
-- Name: socialaccount_socialaccount_id_seq; Type: SEQUENCE SET; Schema: public; Owner: postgres
--

SELECT pg_catalog.setval('public.socialaccount_socialaccount_id_seq', 1, false);


--
-- TOC entry 3664 (class 0 OID 0)
-- Dependencies: 241
-- Name: socialaccount_socialapp_id_seq; Type: SEQUENCE SET; Schema: public; Owner: postgres
--

SELECT pg_catalog.setval('public.socialaccount_socialapp_id_seq', 1, false);


--
-- TOC entry 3665 (class 0 OID 0)
-- Dependencies: 243
-- Name: socialaccount_socialapp_sites_id_seq; Type: SEQUENCE SET; Schema: public; Owner: postgres
--

SELECT pg_catalog.setval('public.socialaccount_socialapp_sites_id_seq', 1, false);


--
-- TOC entry 3666 (class 0 OID 0)
-- Dependencies: 245
-- Name: socialaccount_socialtoken_id_seq; Type: SEQUENCE SET; Schema: public; Owner: postgres
--

SELECT pg_catalog.setval('public.socialaccount_socialtoken_id_seq', 1, false);


--
-- TOC entry 3395 (class 2606 OID 17537)
-- Name: Coordinators Coordinators_pkey; Type: CONSTRAINT; Schema: public; Owner: postgres
--

ALTER TABLE ONLY public."Coordinators"
    ADD CONSTRAINT "Coordinators_pkey" PRIMARY KEY (id);


--
-- TOC entry 3397 (class 2606 OID 17539)
-- Name: Coordinators Coordinators_user_id_id_key; Type: CONSTRAINT; Schema: public; Owner: postgres
--

ALTER TABLE ONLY public."Coordinators"
    ADD CONSTRAINT "Coordinators_user_id_id_key" UNIQUE (user_id_id);


--
-- TOC entry 3382 (class 2606 OID 17515)
-- Name: Departments Departments_name_key; Type: CONSTRAINT; Schema: public; Owner: postgres
--

ALTER TABLE ONLY public."Departments"
    ADD CONSTRAINT "Departments_name_key" UNIQUE (name);


--
-- TOC entry 3384 (class 2606 OID 17513)
-- Name: Departments Departments_pkey; Type: CONSTRAINT; Schema: public; Owner: postgres
--

ALTER TABLE ONLY public."Departments"
    ADD CONSTRAINT "Departments_pkey" PRIMARY KEY (id);


--
-- TOC entry 3409 (class 2606 OID 17579)
-- Name: Events Events_pkey; Type: CONSTRAINT; Schema: public; Owner: postgres
--

ALTER TABLE ONLY public."Events"
    ADD CONSTRAINT "Events_pkey" PRIMARY KEY (id);


--
-- TOC entry 3401 (class 2606 OID 17571)
-- Name: Locations Locations_name_key; Type: CONSTRAINT; Schema: public; Owner: postgres
--

ALTER TABLE ONLY public."Locations"
    ADD CONSTRAINT "Locations_name_key" UNIQUE (name);


--
-- TOC entry 3404 (class 2606 OID 17636)
-- Name: Locations Locations_phone_0c836064_uniq; Type: CONSTRAINT; Schema: public; Owner: postgres
--

ALTER TABLE ONLY public."Locations"
    ADD CONSTRAINT "Locations_phone_0c836064_uniq" UNIQUE (phone);


--
-- TOC entry 3406 (class 2606 OID 17569)
-- Name: Locations Locations_pkey; Type: CONSTRAINT; Schema: public; Owner: postgres
--

ALTER TABLE ONLY public."Locations"
    ADD CONSTRAINT "Locations_pkey" PRIMARY KEY (id);


--
-- TOC entry 3391 (class 2606 OID 17529)
-- Name: Operators Operators_pkey; Type: CONSTRAINT; Schema: public; Owner: postgres
--

ALTER TABLE ONLY public."Operators"
    ADD CONSTRAINT "Operators_pkey" PRIMARY KEY (id);


--
-- TOC entry 3393 (class 2606 OID 17531)
-- Name: Operators Operators_user_id_id_key; Type: CONSTRAINT; Schema: public; Owner: postgres
--

ALTER TABLE ONLY public."Operators"
    ADD CONSTRAINT "Operators_user_id_id_key" UNIQUE (user_id_id);


--
-- TOC entry 3386 (class 2606 OID 17521)
-- Name: Recipients Recipients_pkey; Type: CONSTRAINT; Schema: public; Owner: postgres
--

ALTER TABLE ONLY public."Recipients"
    ADD CONSTRAINT "Recipients_pkey" PRIMARY KEY (id);


--
-- TOC entry 3388 (class 2606 OID 17523)
-- Name: Recipients Recipients_user_id_id_key; Type: CONSTRAINT; Schema: public; Owner: postgres
--

ALTER TABLE ONLY public."Recipients"
    ADD CONSTRAINT "Recipients_user_id_id_key" UNIQUE (user_id_id);


--
-- TOC entry 3326 (class 2606 OID 17333)
-- Name: Users_groups Users_groups_pkey; Type: CONSTRAINT; Schema: public; Owner: postgres
--

ALTER TABLE ONLY public."Users_groups"
    ADD CONSTRAINT "Users_groups_pkey" PRIMARY KEY (id);


--
-- TOC entry 3329 (class 2606 OID 17342)
-- Name: Users_groups Users_groups_user_id_group_id_590dc796_uniq; Type: CONSTRAINT; Schema: public; Owner: postgres
--

ALTER TABLE ONLY public."Users_groups"
    ADD CONSTRAINT "Users_groups_user_id_group_id_590dc796_uniq" UNIQUE (user_id, group_id);


--
-- TOC entry 3318 (class 2606 OID 17327)
-- Name: Users Users_login_key; Type: CONSTRAINT; Schema: public; Owner: postgres
--

ALTER TABLE ONLY public."Users"
    ADD CONSTRAINT "Users_login_key" UNIQUE (username);


--
-- TOC entry 3321 (class 2606 OID 17633)
-- Name: Users Users_phone_504e9b79_uniq; Type: CONSTRAINT; Schema: public; Owner: postgres
--

ALTER TABLE ONLY public."Users"
    ADD CONSTRAINT "Users_phone_504e9b79_uniq" UNIQUE (phone);


--
-- TOC entry 3323 (class 2606 OID 17325)
-- Name: Users Users_pkey; Type: CONSTRAINT; Schema: public; Owner: postgres
--

ALTER TABLE ONLY public."Users"
    ADD CONSTRAINT "Users_pkey" PRIMARY KEY (id);


--
-- TOC entry 3332 (class 2606 OID 17339)
-- Name: Users_user_permissions Users_user_permissions_pkey; Type: CONSTRAINT; Schema: public; Owner: postgres
--

ALTER TABLE ONLY public."Users_user_permissions"
    ADD CONSTRAINT "Users_user_permissions_pkey" PRIMARY KEY (id);


--
-- TOC entry 3335 (class 2606 OID 17356)
-- Name: Users_user_permissions Users_user_permissions_user_id_permission_id_f5781f04_uniq; Type: CONSTRAINT; Schema: public; Owner: postgres
--

ALTER TABLE ONLY public."Users_user_permissions"
    ADD CONSTRAINT "Users_user_permissions_user_id_permission_id_f5781f04_uniq" UNIQUE (user_id, permission_id);


--
-- TOC entry 3351 (class 2606 OID 17439)
-- Name: account_emailaddress account_emailaddress_email_key; Type: CONSTRAINT; Schema: public; Owner: postgres
--

ALTER TABLE ONLY public.account_emailaddress
    ADD CONSTRAINT account_emailaddress_email_key UNIQUE (email);


--
-- TOC entry 3353 (class 2606 OID 17413)
-- Name: account_emailaddress account_emailaddress_pkey; Type: CONSTRAINT; Schema: public; Owner: postgres
--

ALTER TABLE ONLY public.account_emailaddress
    ADD CONSTRAINT account_emailaddress_pkey PRIMARY KEY (id);


--
-- TOC entry 3358 (class 2606 OID 17423)
-- Name: account_emailconfirmation account_emailconfirmation_key_key; Type: CONSTRAINT; Schema: public; Owner: postgres
--

ALTER TABLE ONLY public.account_emailconfirmation
    ADD CONSTRAINT account_emailconfirmation_key_key UNIQUE (key);


--
-- TOC entry 3360 (class 2606 OID 17421)
-- Name: account_emailconfirmation account_emailconfirmation_pkey; Type: CONSTRAINT; Schema: public; Owner: postgres
--

ALTER TABLE ONLY public.account_emailconfirmation
    ADD CONSTRAINT account_emailconfirmation_pkey PRIMARY KEY (id);


--
-- TOC entry 3306 (class 2606 OID 17316)
-- Name: auth_group auth_group_name_key; Type: CONSTRAINT; Schema: public; Owner: postgres
--

ALTER TABLE ONLY public.auth_group
    ADD CONSTRAINT auth_group_name_key UNIQUE (name);


--
-- TOC entry 3311 (class 2606 OID 17302)
-- Name: auth_group_permissions auth_group_permissions_group_id_permission_id_0cd325b0_uniq; Type: CONSTRAINT; Schema: public; Owner: postgres
--

ALTER TABLE ONLY public.auth_group_permissions
    ADD CONSTRAINT auth_group_permissions_group_id_permission_id_0cd325b0_uniq UNIQUE (group_id, permission_id);


--
-- TOC entry 3314 (class 2606 OID 17291)
-- Name: auth_group_permissions auth_group_permissions_pkey; Type: CONSTRAINT; Schema: public; Owner: postgres
--

ALTER TABLE ONLY public.auth_group_permissions
    ADD CONSTRAINT auth_group_permissions_pkey PRIMARY KEY (id);


--
-- TOC entry 3308 (class 2606 OID 17283)
-- Name: auth_group auth_group_pkey; Type: CONSTRAINT; Schema: public; Owner: postgres
--

ALTER TABLE ONLY public.auth_group
    ADD CONSTRAINT auth_group_pkey PRIMARY KEY (id);


--
-- TOC entry 3301 (class 2606 OID 17293)
-- Name: auth_permission auth_permission_content_type_id_codename_01ab375a_uniq; Type: CONSTRAINT; Schema: public; Owner: postgres
--

ALTER TABLE ONLY public.auth_permission
    ADD CONSTRAINT auth_permission_content_type_id_codename_01ab375a_uniq UNIQUE (content_type_id, codename);


--
-- TOC entry 3303 (class 2606 OID 17277)
-- Name: auth_permission auth_permission_pkey; Type: CONSTRAINT; Schema: public; Owner: postgres
--

ALTER TABLE ONLY public.auth_permission
    ADD CONSTRAINT auth_permission_pkey PRIMARY KEY (id);


--
-- TOC entry 3338 (class 2606 OID 17377)
-- Name: django_admin_log django_admin_log_pkey; Type: CONSTRAINT; Schema: public; Owner: postgres
--

ALTER TABLE ONLY public.django_admin_log
    ADD CONSTRAINT django_admin_log_pkey PRIMARY KEY (id);


--
-- TOC entry 3296 (class 2606 OID 17271)
-- Name: django_content_type django_content_type_app_label_model_76bd3d3b_uniq; Type: CONSTRAINT; Schema: public; Owner: postgres
--

ALTER TABLE ONLY public.django_content_type
    ADD CONSTRAINT django_content_type_app_label_model_76bd3d3b_uniq UNIQUE (app_label, model);


--
-- TOC entry 3298 (class 2606 OID 17269)
-- Name: django_content_type django_content_type_pkey; Type: CONSTRAINT; Schema: public; Owner: postgres
--

ALTER TABLE ONLY public.django_content_type
    ADD CONSTRAINT django_content_type_pkey PRIMARY KEY (id);


--
-- TOC entry 3412 (class 2606 OID 17606)
-- Name: django_flatpage django_flatpage_pkey; Type: CONSTRAINT; Schema: public; Owner: postgres
--

ALTER TABLE ONLY public.django_flatpage
    ADD CONSTRAINT django_flatpage_pkey PRIMARY KEY (id);


--
-- TOC entry 3417 (class 2606 OID 17616)
-- Name: django_flatpage_sites django_flatpage_sites_flatpage_id_site_id_0d29d9d1_uniq; Type: CONSTRAINT; Schema: public; Owner: postgres
--

ALTER TABLE ONLY public.django_flatpage_sites
    ADD CONSTRAINT django_flatpage_sites_flatpage_id_site_id_0d29d9d1_uniq UNIQUE (flatpage_id, site_id);


--
-- TOC entry 3419 (class 2606 OID 17612)
-- Name: django_flatpage_sites django_flatpage_sites_pkey; Type: CONSTRAINT; Schema: public; Owner: postgres
--

ALTER TABLE ONLY public.django_flatpage_sites
    ADD CONSTRAINT django_flatpage_sites_pkey PRIMARY KEY (id);


--
-- TOC entry 3294 (class 2606 OID 17263)
-- Name: django_migrations django_migrations_pkey; Type: CONSTRAINT; Schema: public; Owner: postgres
--

ALTER TABLE ONLY public.django_migrations
    ADD CONSTRAINT django_migrations_pkey PRIMARY KEY (id);


--
-- TOC entry 3342 (class 2606 OID 17396)
-- Name: django_session django_session_pkey; Type: CONSTRAINT; Schema: public; Owner: postgres
--

ALTER TABLE ONLY public.django_session
    ADD CONSTRAINT django_session_pkey PRIMARY KEY (session_key);


--
-- TOC entry 3346 (class 2606 OID 17406)
-- Name: django_site django_site_domain_a2e37b91_uniq; Type: CONSTRAINT; Schema: public; Owner: postgres
--

ALTER TABLE ONLY public.django_site
    ADD CONSTRAINT django_site_domain_a2e37b91_uniq UNIQUE (domain);


--
-- TOC entry 3348 (class 2606 OID 17404)
-- Name: django_site django_site_pkey; Type: CONSTRAINT; Schema: public; Owner: postgres
--

ALTER TABLE ONLY public.django_site
    ADD CONSTRAINT django_site_pkey PRIMARY KEY (id);


--
-- TOC entry 3362 (class 2606 OID 17448)
-- Name: socialaccount_socialaccount socialaccount_socialaccount_pkey; Type: CONSTRAINT; Schema: public; Owner: postgres
--

ALTER TABLE ONLY public.socialaccount_socialaccount
    ADD CONSTRAINT socialaccount_socialaccount_pkey PRIMARY KEY (id);


--
-- TOC entry 3364 (class 2606 OID 17472)
-- Name: socialaccount_socialaccount socialaccount_socialaccount_provider_uid_fc810c6e_uniq; Type: CONSTRAINT; Schema: public; Owner: postgres
--

ALTER TABLE ONLY public.socialaccount_socialaccount
    ADD CONSTRAINT socialaccount_socialaccount_provider_uid_fc810c6e_uniq UNIQUE (provider, uid);


--
-- TOC entry 3369 (class 2606 OID 17480)
-- Name: socialaccount_socialapp_sites socialaccount_socialapp__socialapp_id_site_id_71a9a768_uniq; Type: CONSTRAINT; Schema: public; Owner: postgres
--

ALTER TABLE ONLY public.socialaccount_socialapp_sites
    ADD CONSTRAINT socialaccount_socialapp__socialapp_id_site_id_71a9a768_uniq UNIQUE (socialapp_id, site_id);


--
-- TOC entry 3367 (class 2606 OID 17454)
-- Name: socialaccount_socialapp socialaccount_socialapp_pkey; Type: CONSTRAINT; Schema: public; Owner: postgres
--

ALTER TABLE ONLY public.socialaccount_socialapp
    ADD CONSTRAINT socialaccount_socialapp_pkey PRIMARY KEY (id);


--
-- TOC entry 3371 (class 2606 OID 17460)
-- Name: socialaccount_socialapp_sites socialaccount_socialapp_sites_pkey; Type: CONSTRAINT; Schema: public; Owner: postgres
--

ALTER TABLE ONLY public.socialaccount_socialapp_sites
    ADD CONSTRAINT socialaccount_socialapp_sites_pkey PRIMARY KEY (id);


--
-- TOC entry 3377 (class 2606 OID 17470)
-- Name: socialaccount_socialtoken socialaccount_socialtoken_app_id_account_id_fca4e0ac_uniq; Type: CONSTRAINT; Schema: public; Owner: postgres
--

ALTER TABLE ONLY public.socialaccount_socialtoken
    ADD CONSTRAINT socialaccount_socialtoken_app_id_account_id_fca4e0ac_uniq UNIQUE (app_id, account_id);


--
-- TOC entry 3379 (class 2606 OID 17468)
-- Name: socialaccount_socialtoken socialaccount_socialtoken_pkey; Type: CONSTRAINT; Schema: public; Owner: postgres
--

ALTER TABLE ONLY public.socialaccount_socialtoken
    ADD CONSTRAINT socialaccount_socialtoken_pkey PRIMARY KEY (id);


--
-- TOC entry 3380 (class 1259 OID 17540)
-- Name: Departments_name_ed8eae9c_like; Type: INDEX; Schema: public; Owner: postgres
--

CREATE INDEX "Departments_name_ed8eae9c_like" ON public."Departments" USING btree (name varchar_pattern_ops);


--
-- TOC entry 3407 (class 1259 OID 17597)
-- Name: Events_location_id_id_6fd7dfc1; Type: INDEX; Schema: public; Owner: postgres
--

CREATE INDEX "Events_location_id_id_6fd7dfc1" ON public."Events" USING btree (location_id_id);


--
-- TOC entry 3410 (class 1259 OID 17598)
-- Name: Events_recipient_id_id_ddb6b9b5; Type: INDEX; Schema: public; Owner: postgres
--

CREATE INDEX "Events_recipient_id_id_ddb6b9b5" ON public."Events" USING btree (recipient_id_id);


--
-- TOC entry 3398 (class 1259 OID 17586)
-- Name: Locations_department_id_id_ca12dcca; Type: INDEX; Schema: public; Owner: postgres
--

CREATE INDEX "Locations_department_id_id_ca12dcca" ON public."Locations" USING btree (department_id_id);


--
-- TOC entry 3399 (class 1259 OID 17585)
-- Name: Locations_name_f6551f92_like; Type: INDEX; Schema: public; Owner: postgres
--

CREATE INDEX "Locations_name_f6551f92_like" ON public."Locations" USING btree (name varchar_pattern_ops);


--
-- TOC entry 3402 (class 1259 OID 17637)
-- Name: Locations_phone_0c836064_like; Type: INDEX; Schema: public; Owner: postgres
--

CREATE INDEX "Locations_phone_0c836064_like" ON public."Locations" USING btree (phone varchar_pattern_ops);


--
-- TOC entry 3389 (class 1259 OID 17556)
-- Name: Operators_department_id_id_664a80a1; Type: INDEX; Schema: public; Owner: postgres
--

CREATE INDEX "Operators_department_id_id_664a80a1" ON public."Operators" USING btree (department_id_id);


--
-- TOC entry 3315 (class 1259 OID 17687)
-- Name: Users_department_id_id_690dd686; Type: INDEX; Schema: public; Owner: postgres
--

CREATE INDEX "Users_department_id_id_690dd686" ON public."Users" USING btree (department_id_id);


--
-- TOC entry 3324 (class 1259 OID 17354)
-- Name: Users_groups_group_id_2ddde7ed; Type: INDEX; Schema: public; Owner: postgres
--

CREATE INDEX "Users_groups_group_id_2ddde7ed" ON public."Users_groups" USING btree (group_id);


--
-- TOC entry 3327 (class 1259 OID 17353)
-- Name: Users_groups_user_id_d0013979; Type: INDEX; Schema: public; Owner: postgres
--

CREATE INDEX "Users_groups_user_id_d0013979" ON public."Users_groups" USING btree (user_id);


--
-- TOC entry 3316 (class 1259 OID 17340)
-- Name: Users_login_3013ebac_like; Type: INDEX; Schema: public; Owner: postgres
--

CREATE INDEX "Users_login_3013ebac_like" ON public."Users" USING btree (username varchar_pattern_ops);


--
-- TOC entry 3319 (class 1259 OID 17634)
-- Name: Users_phone_504e9b79_like; Type: INDEX; Schema: public; Owner: postgres
--

CREATE INDEX "Users_phone_504e9b79_like" ON public."Users" USING btree (phone varchar_pattern_ops);


--
-- TOC entry 3330 (class 1259 OID 17368)
-- Name: Users_user_permissions_permission_id_7995fa19; Type: INDEX; Schema: public; Owner: postgres
--

CREATE INDEX "Users_user_permissions_permission_id_7995fa19" ON public."Users_user_permissions" USING btree (permission_id);


--
-- TOC entry 3333 (class 1259 OID 17367)
-- Name: Users_user_permissions_user_id_c976b39e; Type: INDEX; Schema: public; Owner: postgres
--

CREATE INDEX "Users_user_permissions_user_id_c976b39e" ON public."Users_user_permissions" USING btree (user_id);


--
-- TOC entry 3349 (class 1259 OID 17440)
-- Name: account_emailaddress_email_03be32b2_like; Type: INDEX; Schema: public; Owner: postgres
--

CREATE INDEX account_emailaddress_email_03be32b2_like ON public.account_emailaddress USING btree (email varchar_pattern_ops);


--
-- TOC entry 3354 (class 1259 OID 17430)
-- Name: account_emailaddress_user_id_2c513194; Type: INDEX; Schema: public; Owner: postgres
--

CREATE INDEX account_emailaddress_user_id_2c513194 ON public.account_emailaddress USING btree (user_id);


--
-- TOC entry 3355 (class 1259 OID 17437)
-- Name: account_emailconfirmation_email_address_id_5b7f8c58; Type: INDEX; Schema: public; Owner: postgres
--

CREATE INDEX account_emailconfirmation_email_address_id_5b7f8c58 ON public.account_emailconfirmation USING btree (email_address_id);


--
-- TOC entry 3356 (class 1259 OID 17436)
-- Name: account_emailconfirmation_key_f43612bd_like; Type: INDEX; Schema: public; Owner: postgres
--

CREATE INDEX account_emailconfirmation_key_f43612bd_like ON public.account_emailconfirmation USING btree (key varchar_pattern_ops);


--
-- TOC entry 3304 (class 1259 OID 17317)
-- Name: auth_group_name_a6ea08ec_like; Type: INDEX; Schema: public; Owner: postgres
--

CREATE INDEX auth_group_name_a6ea08ec_like ON public.auth_group USING btree (name varchar_pattern_ops);


--
-- TOC entry 3309 (class 1259 OID 17313)
-- Name: auth_group_permissions_group_id_b120cbf9; Type: INDEX; Schema: public; Owner: postgres
--

CREATE INDEX auth_group_permissions_group_id_b120cbf9 ON public.auth_group_permissions USING btree (group_id);


--
-- TOC entry 3312 (class 1259 OID 17314)
-- Name: auth_group_permissions_permission_id_84c5c92e; Type: INDEX; Schema: public; Owner: postgres
--

CREATE INDEX auth_group_permissions_permission_id_84c5c92e ON public.auth_group_permissions USING btree (permission_id);


--
-- TOC entry 3299 (class 1259 OID 17299)
-- Name: auth_permission_content_type_id_2f476e4b; Type: INDEX; Schema: public; Owner: postgres
--

CREATE INDEX auth_permission_content_type_id_2f476e4b ON public.auth_permission USING btree (content_type_id);


--
-- TOC entry 3336 (class 1259 OID 17388)
-- Name: django_admin_log_content_type_id_c4bce8eb; Type: INDEX; Schema: public; Owner: postgres
--

CREATE INDEX django_admin_log_content_type_id_c4bce8eb ON public.django_admin_log USING btree (content_type_id);


--
-- TOC entry 3339 (class 1259 OID 17389)
-- Name: django_admin_log_user_id_c564eba6; Type: INDEX; Schema: public; Owner: postgres
--

CREATE INDEX django_admin_log_user_id_c564eba6 ON public.django_admin_log USING btree (user_id);


--
-- TOC entry 3415 (class 1259 OID 17627)
-- Name: django_flatpage_sites_flatpage_id_078bbc8b; Type: INDEX; Schema: public; Owner: postgres
--

CREATE INDEX django_flatpage_sites_flatpage_id_078bbc8b ON public.django_flatpage_sites USING btree (flatpage_id);


--
-- TOC entry 3420 (class 1259 OID 17628)
-- Name: django_flatpage_sites_site_id_bfd8ea84; Type: INDEX; Schema: public; Owner: postgres
--

CREATE INDEX django_flatpage_sites_site_id_bfd8ea84 ON public.django_flatpage_sites USING btree (site_id);


--
-- TOC entry 3413 (class 1259 OID 17613)
-- Name: django_flatpage_url_41612362; Type: INDEX; Schema: public; Owner: postgres
--

CREATE INDEX django_flatpage_url_41612362 ON public.django_flatpage USING btree (url);


--
-- TOC entry 3414 (class 1259 OID 17614)
-- Name: django_flatpage_url_41612362_like; Type: INDEX; Schema: public; Owner: postgres
--

CREATE INDEX django_flatpage_url_41612362_like ON public.django_flatpage USING btree (url varchar_pattern_ops);


--
-- TOC entry 3340 (class 1259 OID 17398)
-- Name: django_session_expire_date_a5c62663; Type: INDEX; Schema: public; Owner: postgres
--

CREATE INDEX django_session_expire_date_a5c62663 ON public.django_session USING btree (expire_date);


--
-- TOC entry 3343 (class 1259 OID 17397)
-- Name: django_session_session_key_c0390e0f_like; Type: INDEX; Schema: public; Owner: postgres
--

CREATE INDEX django_session_session_key_c0390e0f_like ON public.django_session USING btree (session_key varchar_pattern_ops);


--
-- TOC entry 3344 (class 1259 OID 17407)
-- Name: django_site_domain_a2e37b91_like; Type: INDEX; Schema: public; Owner: postgres
--

CREATE INDEX django_site_domain_a2e37b91_like ON public.django_site USING btree (domain varchar_pattern_ops);


--
-- TOC entry 3365 (class 1259 OID 17478)
-- Name: socialaccount_socialaccount_user_id_8146e70c; Type: INDEX; Schema: public; Owner: postgres
--

CREATE INDEX socialaccount_socialaccount_user_id_8146e70c ON public.socialaccount_socialaccount USING btree (user_id);


--
-- TOC entry 3372 (class 1259 OID 17492)
-- Name: socialaccount_socialapp_sites_site_id_2579dee5; Type: INDEX; Schema: public; Owner: postgres
--

CREATE INDEX socialaccount_socialapp_sites_site_id_2579dee5 ON public.socialaccount_socialapp_sites USING btree (site_id);


--
-- TOC entry 3373 (class 1259 OID 17491)
-- Name: socialaccount_socialapp_sites_socialapp_id_97fb6e7d; Type: INDEX; Schema: public; Owner: postgres
--

CREATE INDEX socialaccount_socialapp_sites_socialapp_id_97fb6e7d ON public.socialaccount_socialapp_sites USING btree (socialapp_id);


--
-- TOC entry 3374 (class 1259 OID 17503)
-- Name: socialaccount_socialtoken_account_id_951f210e; Type: INDEX; Schema: public; Owner: postgres
--

CREATE INDEX socialaccount_socialtoken_account_id_951f210e ON public.socialaccount_socialtoken USING btree (account_id);


--
-- TOC entry 3375 (class 1259 OID 17504)
-- Name: socialaccount_socialtoken_app_id_636a42d7; Type: INDEX; Schema: public; Owner: postgres
--

CREATE INDEX socialaccount_socialtoken_app_id_636a42d7 ON public.socialaccount_socialtoken USING btree (app_id);


--
-- TOC entry 3441 (class 2606 OID 17557)
-- Name: Coordinators Coordinators_user_id_id_0fcf60ef_fk_Users_id; Type: FK CONSTRAINT; Schema: public; Owner: postgres
--

ALTER TABLE ONLY public."Coordinators"
    ADD CONSTRAINT "Coordinators_user_id_id_0fcf60ef_fk_Users_id" FOREIGN KEY (user_id_id) REFERENCES public."Users"(id) DEFERRABLE INITIALLY DEFERRED;


--
-- TOC entry 3443 (class 2606 OID 17587)
-- Name: Events Events_location_id_id_6fd7dfc1_fk_Locations_id; Type: FK CONSTRAINT; Schema: public; Owner: postgres
--

ALTER TABLE ONLY public."Events"
    ADD CONSTRAINT "Events_location_id_id_6fd7dfc1_fk_Locations_id" FOREIGN KEY (location_id_id) REFERENCES public."Locations"(id) DEFERRABLE INITIALLY DEFERRED;


--
-- TOC entry 3444 (class 2606 OID 17592)
-- Name: Events Events_recipient_id_id_ddb6b9b5_fk_Recipients_id; Type: FK CONSTRAINT; Schema: public; Owner: postgres
--

ALTER TABLE ONLY public."Events"
    ADD CONSTRAINT "Events_recipient_id_id_ddb6b9b5_fk_Recipients_id" FOREIGN KEY (recipient_id_id) REFERENCES public."Recipients"(id) DEFERRABLE INITIALLY DEFERRED;


--
-- TOC entry 3442 (class 2606 OID 17580)
-- Name: Locations Locations_department_id_id_ca12dcca_fk_Departments_id; Type: FK CONSTRAINT; Schema: public; Owner: postgres
--

ALTER TABLE ONLY public."Locations"
    ADD CONSTRAINT "Locations_department_id_id_ca12dcca_fk_Departments_id" FOREIGN KEY (department_id_id) REFERENCES public."Departments"(id) DEFERRABLE INITIALLY DEFERRED;


--
-- TOC entry 3439 (class 2606 OID 17546)
-- Name: Operators Operators_department_id_id_664a80a1_fk_Departments_id; Type: FK CONSTRAINT; Schema: public; Owner: postgres
--

ALTER TABLE ONLY public."Operators"
    ADD CONSTRAINT "Operators_department_id_id_664a80a1_fk_Departments_id" FOREIGN KEY (department_id_id) REFERENCES public."Departments"(id) DEFERRABLE INITIALLY DEFERRED;


--
-- TOC entry 3440 (class 2606 OID 17551)
-- Name: Operators Operators_user_id_id_92bb2115_fk_Users_id; Type: FK CONSTRAINT; Schema: public; Owner: postgres
--

ALTER TABLE ONLY public."Operators"
    ADD CONSTRAINT "Operators_user_id_id_92bb2115_fk_Users_id" FOREIGN KEY (user_id_id) REFERENCES public."Users"(id) DEFERRABLE INITIALLY DEFERRED;


--
-- TOC entry 3438 (class 2606 OID 17541)
-- Name: Recipients Recipients_user_id_id_b32bb7dc_fk_Users_id; Type: FK CONSTRAINT; Schema: public; Owner: postgres
--

ALTER TABLE ONLY public."Recipients"
    ADD CONSTRAINT "Recipients_user_id_id_b32bb7dc_fk_Users_id" FOREIGN KEY (user_id_id) REFERENCES public."Users"(id) DEFERRABLE INITIALLY DEFERRED;


--
-- TOC entry 3424 (class 2606 OID 17688)
-- Name: Users Users_department_id_id_690dd686_fk_Departments_id; Type: FK CONSTRAINT; Schema: public; Owner: postgres
--

ALTER TABLE ONLY public."Users"
    ADD CONSTRAINT "Users_department_id_id_690dd686_fk_Departments_id" FOREIGN KEY (department_id_id) REFERENCES public."Departments"(id) DEFERRABLE INITIALLY DEFERRED;


--
-- TOC entry 3425 (class 2606 OID 17348)
-- Name: Users_groups Users_groups_group_id_2ddde7ed_fk_auth_group_id; Type: FK CONSTRAINT; Schema: public; Owner: postgres
--

ALTER TABLE ONLY public."Users_groups"
    ADD CONSTRAINT "Users_groups_group_id_2ddde7ed_fk_auth_group_id" FOREIGN KEY (group_id) REFERENCES public.auth_group(id) DEFERRABLE INITIALLY DEFERRED;


--
-- TOC entry 3426 (class 2606 OID 17343)
-- Name: Users_groups Users_groups_user_id_d0013979_fk_Users_id; Type: FK CONSTRAINT; Schema: public; Owner: postgres
--

ALTER TABLE ONLY public."Users_groups"
    ADD CONSTRAINT "Users_groups_user_id_d0013979_fk_Users_id" FOREIGN KEY (user_id) REFERENCES public."Users"(id) DEFERRABLE INITIALLY DEFERRED;


--
-- TOC entry 3427 (class 2606 OID 17362)
-- Name: Users_user_permissions Users_user_permissio_permission_id_7995fa19_fk_auth_perm; Type: FK CONSTRAINT; Schema: public; Owner: postgres
--

ALTER TABLE ONLY public."Users_user_permissions"
    ADD CONSTRAINT "Users_user_permissio_permission_id_7995fa19_fk_auth_perm" FOREIGN KEY (permission_id) REFERENCES public.auth_permission(id) DEFERRABLE INITIALLY DEFERRED;


--
-- TOC entry 3428 (class 2606 OID 17357)
-- Name: Users_user_permissions Users_user_permissions_user_id_c976b39e_fk_Users_id; Type: FK CONSTRAINT; Schema: public; Owner: postgres
--

ALTER TABLE ONLY public."Users_user_permissions"
    ADD CONSTRAINT "Users_user_permissions_user_id_c976b39e_fk_Users_id" FOREIGN KEY (user_id) REFERENCES public."Users"(id) DEFERRABLE INITIALLY DEFERRED;


--
-- TOC entry 3431 (class 2606 OID 17424)
-- Name: account_emailaddress account_emailaddress_user_id_2c513194_fk_Users_id; Type: FK CONSTRAINT; Schema: public; Owner: postgres
--

ALTER TABLE ONLY public.account_emailaddress
    ADD CONSTRAINT "account_emailaddress_user_id_2c513194_fk_Users_id" FOREIGN KEY (user_id) REFERENCES public."Users"(id) DEFERRABLE INITIALLY DEFERRED;


--
-- TOC entry 3432 (class 2606 OID 17431)
-- Name: account_emailconfirmation account_emailconfirm_email_address_id_5b7f8c58_fk_account_e; Type: FK CONSTRAINT; Schema: public; Owner: postgres
--

ALTER TABLE ONLY public.account_emailconfirmation
    ADD CONSTRAINT account_emailconfirm_email_address_id_5b7f8c58_fk_account_e FOREIGN KEY (email_address_id) REFERENCES public.account_emailaddress(id) DEFERRABLE INITIALLY DEFERRED;


--
-- TOC entry 3422 (class 2606 OID 17308)
-- Name: auth_group_permissions auth_group_permissio_permission_id_84c5c92e_fk_auth_perm; Type: FK CONSTRAINT; Schema: public; Owner: postgres
--

ALTER TABLE ONLY public.auth_group_permissions
    ADD CONSTRAINT auth_group_permissio_permission_id_84c5c92e_fk_auth_perm FOREIGN KEY (permission_id) REFERENCES public.auth_permission(id) DEFERRABLE INITIALLY DEFERRED;


--
-- TOC entry 3423 (class 2606 OID 17303)
-- Name: auth_group_permissions auth_group_permissions_group_id_b120cbf9_fk_auth_group_id; Type: FK CONSTRAINT; Schema: public; Owner: postgres
--

ALTER TABLE ONLY public.auth_group_permissions
    ADD CONSTRAINT auth_group_permissions_group_id_b120cbf9_fk_auth_group_id FOREIGN KEY (group_id) REFERENCES public.auth_group(id) DEFERRABLE INITIALLY DEFERRED;


--
-- TOC entry 3421 (class 2606 OID 17294)
-- Name: auth_permission auth_permission_content_type_id_2f476e4b_fk_django_co; Type: FK CONSTRAINT; Schema: public; Owner: postgres
--

ALTER TABLE ONLY public.auth_permission
    ADD CONSTRAINT auth_permission_content_type_id_2f476e4b_fk_django_co FOREIGN KEY (content_type_id) REFERENCES public.django_content_type(id) DEFERRABLE INITIALLY DEFERRED;


--
-- TOC entry 3429 (class 2606 OID 17378)
-- Name: django_admin_log django_admin_log_content_type_id_c4bce8eb_fk_django_co; Type: FK CONSTRAINT; Schema: public; Owner: postgres
--

ALTER TABLE ONLY public.django_admin_log
    ADD CONSTRAINT django_admin_log_content_type_id_c4bce8eb_fk_django_co FOREIGN KEY (content_type_id) REFERENCES public.django_content_type(id) DEFERRABLE INITIALLY DEFERRED;


--
-- TOC entry 3430 (class 2606 OID 17383)
-- Name: django_admin_log django_admin_log_user_id_c564eba6_fk_Users_id; Type: FK CONSTRAINT; Schema: public; Owner: postgres
--

ALTER TABLE ONLY public.django_admin_log
    ADD CONSTRAINT "django_admin_log_user_id_c564eba6_fk_Users_id" FOREIGN KEY (user_id) REFERENCES public."Users"(id) DEFERRABLE INITIALLY DEFERRED;


--
-- TOC entry 3445 (class 2606 OID 17617)
-- Name: django_flatpage_sites django_flatpage_site_flatpage_id_078bbc8b_fk_django_fl; Type: FK CONSTRAINT; Schema: public; Owner: postgres
--

ALTER TABLE ONLY public.django_flatpage_sites
    ADD CONSTRAINT django_flatpage_site_flatpage_id_078bbc8b_fk_django_fl FOREIGN KEY (flatpage_id) REFERENCES public.django_flatpage(id) DEFERRABLE INITIALLY DEFERRED;


--
-- TOC entry 3446 (class 2606 OID 17622)
-- Name: django_flatpage_sites django_flatpage_sites_site_id_bfd8ea84_fk_django_site_id; Type: FK CONSTRAINT; Schema: public; Owner: postgres
--

ALTER TABLE ONLY public.django_flatpage_sites
    ADD CONSTRAINT django_flatpage_sites_site_id_bfd8ea84_fk_django_site_id FOREIGN KEY (site_id) REFERENCES public.django_site(id) DEFERRABLE INITIALLY DEFERRED;


--
-- TOC entry 3436 (class 2606 OID 17493)
-- Name: socialaccount_socialtoken socialaccount_social_account_id_951f210e_fk_socialacc; Type: FK CONSTRAINT; Schema: public; Owner: postgres
--

ALTER TABLE ONLY public.socialaccount_socialtoken
    ADD CONSTRAINT socialaccount_social_account_id_951f210e_fk_socialacc FOREIGN KEY (account_id) REFERENCES public.socialaccount_socialaccount(id) DEFERRABLE INITIALLY DEFERRED;


--
-- TOC entry 3437 (class 2606 OID 17498)
-- Name: socialaccount_socialtoken socialaccount_social_app_id_636a42d7_fk_socialacc; Type: FK CONSTRAINT; Schema: public; Owner: postgres
--

ALTER TABLE ONLY public.socialaccount_socialtoken
    ADD CONSTRAINT socialaccount_social_app_id_636a42d7_fk_socialacc FOREIGN KEY (app_id) REFERENCES public.socialaccount_socialapp(id) DEFERRABLE INITIALLY DEFERRED;


--
-- TOC entry 3434 (class 2606 OID 17486)
-- Name: socialaccount_socialapp_sites socialaccount_social_site_id_2579dee5_fk_django_si; Type: FK CONSTRAINT; Schema: public; Owner: postgres
--

ALTER TABLE ONLY public.socialaccount_socialapp_sites
    ADD CONSTRAINT socialaccount_social_site_id_2579dee5_fk_django_si FOREIGN KEY (site_id) REFERENCES public.django_site(id) DEFERRABLE INITIALLY DEFERRED;


--
-- TOC entry 3435 (class 2606 OID 17481)
-- Name: socialaccount_socialapp_sites socialaccount_social_socialapp_id_97fb6e7d_fk_socialacc; Type: FK CONSTRAINT; Schema: public; Owner: postgres
--

ALTER TABLE ONLY public.socialaccount_socialapp_sites
    ADD CONSTRAINT socialaccount_social_socialapp_id_97fb6e7d_fk_socialacc FOREIGN KEY (socialapp_id) REFERENCES public.socialaccount_socialapp(id) DEFERRABLE INITIALLY DEFERRED;


--
-- TOC entry 3433 (class 2606 OID 17473)
-- Name: socialaccount_socialaccount socialaccount_socialaccount_user_id_8146e70c_fk_Users_id; Type: FK CONSTRAINT; Schema: public; Owner: postgres
--

ALTER TABLE ONLY public.socialaccount_socialaccount
    ADD CONSTRAINT "socialaccount_socialaccount_user_id_8146e70c_fk_Users_id" FOREIGN KEY (user_id) REFERENCES public."Users"(id) DEFERRABLE INITIALLY DEFERRED;


-- Completed on 2023-08-23 13:48:03

--
-- PostgreSQL database dump complete
--

