--
-- PostgreSQL database dump
--

-- Dumped from database version 15.3
-- Dumped by pg_dump version 15.3

-- Started on 2023-09-12 13:05:29

SET statement_timeout = 0;
SET lock_timeout = 0;
SET idle_in_transaction_session_timeout = 0;
SET client_encoding = 'UTF8';
SET standard_conforming_strings = on;
SELECT pg_catalog.set_config('search_path', '', false);
SET check_function_bodies = false;
SET xmloption = content;
SET client_min_messages = warning;
SET row_security = off;

SET default_tablespace = '';

SET default_table_access_method = heap;

--
-- TOC entry 225 (class 1259 OID 18378)
-- Name: Departments; Type: TABLE; Schema: public; Owner: postgres
--

CREATE TABLE public."Departments" (
    id bigint NOT NULL,
    name character varying(255) NOT NULL
);


ALTER TABLE public."Departments" OWNER TO postgres;

--
-- TOC entry 224 (class 1259 OID 18377)
-- Name: Departments_id_seq; Type: SEQUENCE; Schema: public; Owner: postgres
--

ALTER TABLE public."Departments" ALTER COLUMN id ADD GENERATED BY DEFAULT AS IDENTITY (
    SEQUENCE NAME public."Departments_id_seq"
    START WITH 1
    INCREMENT BY 1
    NO MINVALUE
    NO MAXVALUE
    CACHE 1
);


--
-- TOC entry 237 (class 1259 OID 18435)
-- Name: Events; Type: TABLE; Schema: public; Owner: postgres
--

CREATE TABLE public."Events" (
    id bigint NOT NULL,
    name character varying(255) NOT NULL,
    description character varying(255) NOT NULL,
    datetime timestamp with time zone,
    is_check boolean NOT NULL,
    is_finished boolean NOT NULL,
    photo character varying(100) NOT NULL,
    location_id_id bigint NOT NULL,
    recipient_id_id bigint,
    "end" timestamp with time zone,
    group_id_id bigint,
    start timestamp with time zone
);


ALTER TABLE public."Events" OWNER TO postgres;

--
-- TOC entry 236 (class 1259 OID 18434)
-- Name: Events_id_seq; Type: SEQUENCE; Schema: public; Owner: postgres
--

ALTER TABLE public."Events" ALTER COLUMN id ADD GENERATED BY DEFAULT AS IDENTITY (
    SEQUENCE NAME public."Events_id_seq"
    START WITH 1
    INCREMENT BY 1
    NO MINVALUE
    NO MAXVALUE
    CACHE 1
);


--
-- TOC entry 227 (class 1259 OID 18386)
-- Name: Groups; Type: TABLE; Schema: public; Owner: postgres
--

CREATE TABLE public."Groups" (
    id bigint NOT NULL,
    name character varying(255) NOT NULL,
    is_active boolean NOT NULL
);


ALTER TABLE public."Groups" OWNER TO postgres;

--
-- TOC entry 226 (class 1259 OID 18385)
-- Name: Groups_id_seq; Type: SEQUENCE; Schema: public; Owner: postgres
--

ALTER TABLE public."Groups" ALTER COLUMN id ADD GENERATED BY DEFAULT AS IDENTITY (
    SEQUENCE NAME public."Groups_id_seq"
    START WITH 1
    INCREMENT BY 1
    NO MINVALUE
    NO MAXVALUE
    CACHE 1
);


--
-- TOC entry 235 (class 1259 OID 18423)
-- Name: Locations; Type: TABLE; Schema: public; Owner: postgres
--

CREATE TABLE public."Locations" (
    id bigint NOT NULL,
    name character varying(255) NOT NULL,
    address character varying(255) NOT NULL,
    lat numeric(8,6),
    lon numeric(9,6),
    phone character varying(128) NOT NULL,
    email character varying(254) NOT NULL,
    photo character varying(100) NOT NULL,
    is_active boolean NOT NULL,
    department_id_id bigint NOT NULL
);


ALTER TABLE public."Locations" OWNER TO postgres;

--
-- TOC entry 234 (class 1259 OID 18422)
-- Name: Locations_id_seq; Type: SEQUENCE; Schema: public; Owner: postgres
--

ALTER TABLE public."Locations" ALTER COLUMN id ADD GENERATED BY DEFAULT AS IDENTITY (
    SEQUENCE NAME public."Locations_id_seq"
    START WITH 1
    INCREMENT BY 1
    NO MINVALUE
    NO MAXVALUE
    CACHE 1
);


--
-- TOC entry 229 (class 1259 OID 18394)
-- Name: Minapp_usergroups; Type: TABLE; Schema: public; Owner: postgres
--

CREATE TABLE public."Minapp_usergroups" (
    id bigint NOT NULL,
    group_id bigint NOT NULL,
    user_id bigint NOT NULL
);


ALTER TABLE public."Minapp_usergroups" OWNER TO postgres;

--
-- TOC entry 228 (class 1259 OID 18393)
-- Name: Minapp_usergroups_id_seq; Type: SEQUENCE; Schema: public; Owner: postgres
--

ALTER TABLE public."Minapp_usergroups" ALTER COLUMN id ADD GENERATED BY DEFAULT AS IDENTITY (
    SEQUENCE NAME public."Minapp_usergroups_id_seq"
    START WITH 1
    INCREMENT BY 1
    NO MINVALUE
    NO MAXVALUE
    CACHE 1
);


--
-- TOC entry 231 (class 1259 OID 18400)
-- Name: Users; Type: TABLE; Schema: public; Owner: postgres
--

CREATE TABLE public."Users" (
    id bigint NOT NULL,
    password character varying(128) NOT NULL,
    last_login timestamp with time zone,
    is_superuser boolean NOT NULL,
    username character varying(50) NOT NULL,
    name character varying(255) NOT NULL,
    surname character varying(255) NOT NULL,
    middle_name character varying(255),
    staff character varying(2) NOT NULL,
    phone character varying(128) NOT NULL,
    email character varying(254) NOT NULL,
    photo character varying(100) NOT NULL,
    date_joined timestamp with time zone NOT NULL,
    is_check boolean NOT NULL,
    is_active boolean NOT NULL,
    department_id_id bigint
);


ALTER TABLE public."Users" OWNER TO postgres;

--
-- TOC entry 230 (class 1259 OID 18399)
-- Name: Users_id_seq; Type: SEQUENCE; Schema: public; Owner: postgres
--

ALTER TABLE public."Users" ALTER COLUMN id ADD GENERATED BY DEFAULT AS IDENTITY (
    SEQUENCE NAME public."Users_id_seq"
    START WITH 1
    INCREMENT BY 1
    NO MINVALUE
    NO MAXVALUE
    CACHE 1
);


--
-- TOC entry 233 (class 1259 OID 18412)
-- Name: Users_user_permissions; Type: TABLE; Schema: public; Owner: postgres
--

CREATE TABLE public."Users_user_permissions" (
    id bigint NOT NULL,
    user_id bigint NOT NULL,
    permission_id integer NOT NULL
);


ALTER TABLE public."Users_user_permissions" OWNER TO postgres;

--
-- TOC entry 232 (class 1259 OID 18411)
-- Name: Users_user_permissions_id_seq; Type: SEQUENCE; Schema: public; Owner: postgres
--

ALTER TABLE public."Users_user_permissions" ALTER COLUMN id ADD GENERATED BY DEFAULT AS IDENTITY (
    SEQUENCE NAME public."Users_user_permissions_id_seq"
    START WITH 1
    INCREMENT BY 1
    NO MINVALUE
    NO MAXVALUE
    CACHE 1
);


--
-- TOC entry 221 (class 1259 OID 18338)
-- Name: auth_group; Type: TABLE; Schema: public; Owner: postgres
--

CREATE TABLE public.auth_group (
    id integer NOT NULL,
    name character varying(150) NOT NULL
);


ALTER TABLE public.auth_group OWNER TO postgres;

--
-- TOC entry 220 (class 1259 OID 18337)
-- Name: auth_group_id_seq; Type: SEQUENCE; Schema: public; Owner: postgres
--

ALTER TABLE public.auth_group ALTER COLUMN id ADD GENERATED BY DEFAULT AS IDENTITY (
    SEQUENCE NAME public.auth_group_id_seq
    START WITH 1
    INCREMENT BY 1
    NO MINVALUE
    NO MAXVALUE
    CACHE 1
);


--
-- TOC entry 223 (class 1259 OID 18346)
-- Name: auth_group_permissions; Type: TABLE; Schema: public; Owner: postgres
--

CREATE TABLE public.auth_group_permissions (
    id bigint NOT NULL,
    group_id integer NOT NULL,
    permission_id integer NOT NULL
);


ALTER TABLE public.auth_group_permissions OWNER TO postgres;

--
-- TOC entry 222 (class 1259 OID 18345)
-- Name: auth_group_permissions_id_seq; Type: SEQUENCE; Schema: public; Owner: postgres
--

ALTER TABLE public.auth_group_permissions ALTER COLUMN id ADD GENERATED BY DEFAULT AS IDENTITY (
    SEQUENCE NAME public.auth_group_permissions_id_seq
    START WITH 1
    INCREMENT BY 1
    NO MINVALUE
    NO MAXVALUE
    CACHE 1
);


--
-- TOC entry 219 (class 1259 OID 18332)
-- Name: auth_permission; Type: TABLE; Schema: public; Owner: postgres
--

CREATE TABLE public.auth_permission (
    id integer NOT NULL,
    name character varying(255) NOT NULL,
    content_type_id integer NOT NULL,
    codename character varying(100) NOT NULL
);


ALTER TABLE public.auth_permission OWNER TO postgres;

--
-- TOC entry 218 (class 1259 OID 18331)
-- Name: auth_permission_id_seq; Type: SEQUENCE; Schema: public; Owner: postgres
--

ALTER TABLE public.auth_permission ALTER COLUMN id ADD GENERATED BY DEFAULT AS IDENTITY (
    SEQUENCE NAME public.auth_permission_id_seq
    START WITH 1
    INCREMENT BY 1
    NO MINVALUE
    NO MAXVALUE
    CACHE 1
);


--
-- TOC entry 240 (class 1259 OID 18514)
-- Name: authtoken_token; Type: TABLE; Schema: public; Owner: postgres
--

CREATE TABLE public.authtoken_token (
    key character varying(40) NOT NULL,
    created timestamp with time zone NOT NULL,
    user_id bigint NOT NULL
);


ALTER TABLE public.authtoken_token OWNER TO postgres;

--
-- TOC entry 239 (class 1259 OID 18494)
-- Name: django_admin_log; Type: TABLE; Schema: public; Owner: postgres
--

CREATE TABLE public.django_admin_log (
    id integer NOT NULL,
    action_time timestamp with time zone NOT NULL,
    object_id text,
    object_repr character varying(200) NOT NULL,
    action_flag smallint NOT NULL,
    change_message text NOT NULL,
    content_type_id integer,
    user_id bigint NOT NULL,
    CONSTRAINT django_admin_log_action_flag_check CHECK ((action_flag >= 0))
);


ALTER TABLE public.django_admin_log OWNER TO postgres;

--
-- TOC entry 238 (class 1259 OID 18493)
-- Name: django_admin_log_id_seq; Type: SEQUENCE; Schema: public; Owner: postgres
--

ALTER TABLE public.django_admin_log ALTER COLUMN id ADD GENERATED BY DEFAULT AS IDENTITY (
    SEQUENCE NAME public.django_admin_log_id_seq
    START WITH 1
    INCREMENT BY 1
    NO MINVALUE
    NO MAXVALUE
    CACHE 1
);


--
-- TOC entry 217 (class 1259 OID 18324)
-- Name: django_content_type; Type: TABLE; Schema: public; Owner: postgres
--

CREATE TABLE public.django_content_type (
    id integer NOT NULL,
    app_label character varying(100) NOT NULL,
    model character varying(100) NOT NULL
);


ALTER TABLE public.django_content_type OWNER TO postgres;

--
-- TOC entry 216 (class 1259 OID 18323)
-- Name: django_content_type_id_seq; Type: SEQUENCE; Schema: public; Owner: postgres
--

ALTER TABLE public.django_content_type ALTER COLUMN id ADD GENERATED BY DEFAULT AS IDENTITY (
    SEQUENCE NAME public.django_content_type_id_seq
    START WITH 1
    INCREMENT BY 1
    NO MINVALUE
    NO MAXVALUE
    CACHE 1
);


--
-- TOC entry 215 (class 1259 OID 18316)
-- Name: django_migrations; Type: TABLE; Schema: public; Owner: postgres
--

CREATE TABLE public.django_migrations (
    id bigint NOT NULL,
    app character varying(255) NOT NULL,
    name character varying(255) NOT NULL,
    applied timestamp with time zone NOT NULL
);


ALTER TABLE public.django_migrations OWNER TO postgres;

--
-- TOC entry 214 (class 1259 OID 18315)
-- Name: django_migrations_id_seq; Type: SEQUENCE; Schema: public; Owner: postgres
--

ALTER TABLE public.django_migrations ALTER COLUMN id ADD GENERATED BY DEFAULT AS IDENTITY (
    SEQUENCE NAME public.django_migrations_id_seq
    START WITH 1
    INCREMENT BY 1
    NO MINVALUE
    NO MAXVALUE
    CACHE 1
);


--
-- TOC entry 241 (class 1259 OID 18527)
-- Name: django_session; Type: TABLE; Schema: public; Owner: postgres
--

CREATE TABLE public.django_session (
    session_key character varying(40) NOT NULL,
    session_data text NOT NULL,
    expire_date timestamp with time zone NOT NULL
);


ALTER TABLE public.django_session OWNER TO postgres;

--
-- TOC entry 3488 (class 0 OID 18378)
-- Dependencies: 225
-- Data for Name: Departments; Type: TABLE DATA; Schema: public; Owner: postgres
--

COPY public."Departments" (id, name) FROM stdin;
1	Министерство здравоохранения
2	Министерство образования
\.


--
-- TOC entry 3500 (class 0 OID 18435)
-- Dependencies: 237
-- Data for Name: Events; Type: TABLE DATA; Schema: public; Owner: postgres
--

COPY public."Events" (id, name, description, datetime, is_check, is_finished, photo, location_id_id, recipient_id_id, "end", group_id_id, start) FROM stdin;
3	Event1	Description1	2023-10-11 15:00:00+03	t	f		2	\N	\N	1	\N
4	Event2	Description2	2023-10-11 15:00:00+03	t	f		4	\N	2023-10-11 15:00:00+03	2	2023-10-11 15:00:00+03
5	Event3	Description3	2023-10-18 15:00:00+03	t	f		4	12	\N	\N	\N
\.


--
-- TOC entry 3490 (class 0 OID 18386)
-- Dependencies: 227
-- Data for Name: Groups; Type: TABLE DATA; Schema: public; Owner: postgres
--

COPY public."Groups" (id, name, is_active) FROM stdin;
2	Тестовая группа2	t
3	Тестовая Группа 3	f
1	Группа	t
\.


--
-- TOC entry 3498 (class 0 OID 18423)
-- Dependencies: 235
-- Data for Name: Locations; Type: TABLE DATA; Schema: public; Owner: postgres
--

COPY public."Locations" (id, name, address, lat, lon, phone, email, photo, is_active, department_id_id) FROM stdin;
2	health	Penza	53.178386	45.008664	+79271112133	test@test.test		t	1
1	test1	Penza	53.178386	45.008664	+79271112233	test@test.test		f	1
3	health2	Penza	53.178386	45.008664	+79271192133	test@test.test		f	1
4	study1	Penza2	53.178386	45.008664	+79271292133	test@test.test		t	2
5	study2	Penz3	53.178386	45.008664	+79273292133	test@test.test		f	2
\.


--
-- TOC entry 3492 (class 0 OID 18394)
-- Dependencies: 229
-- Data for Name: Minapp_usergroups; Type: TABLE DATA; Schema: public; Owner: postgres
--

COPY public."Minapp_usergroups" (id, group_id, user_id) FROM stdin;
10	1	12
11	2	10
12	3	10
13	1	10
\.


--
-- TOC entry 3494 (class 0 OID 18400)
-- Dependencies: 231
-- Data for Name: Users; Type: TABLE DATA; Schema: public; Owner: postgres
--

COPY public."Users" (id, password, last_login, is_superuser, username, name, surname, middle_name, staff, phone, email, photo, date_joined, is_check, is_active, department_id_id) FROM stdin;
9	pbkdf2_sha256$600000$JVwxwCqIEIgJ60qN6VB0W3$OO5ltXopkJ5E0d8WMHmppcIDJ7BybFQ21Mn0CDWdhVo=	\N	f	coord3	Коорд3	Координатор3		CO	+79271112333	test@test.test		2023-09-11 10:42:30.060801+03	t	f	\N
3	pbkdf2_sha256$600000$aU2CRmxkWvlNGlOhJvAPOr$A9nbQT/xxBWJiAh0PrrLwrvoSPX+jS2g1oayS1wkGFs=	2023-09-11 10:50:46.133788+03	f	oper2	Опер2	Оператор2	\N	OP	+79275555552	test@test.test		2023-09-11 10:30:28.904303+03	f	t	1
13	pbkdf2_sha256$600000$hMSNcLC2mrRGB9KQWfEkMm$kd7CuyEs0aHbnd4i1c4i8j0NUQdZl8P/JVEIbNUX2a8=	\N	f	rec4	Пол4	Получатель4	\N	RE	+79275555746	test@test.test		2023-09-11 10:45:42.236671+03	t	f	\N
14	pbkdf2_sha256$600000$ly58CqMNjTh6O8jdgUk74Q$ya5+K7PAIMCZRJD+iSgm8L5rYHw8ygIIhH5/afVfsOQ=	\N	f	rec5	Пол5	Получатель5	\N	RE	+79275555546	test@test.test		2023-09-11 10:46:12.879998+03	f	f	\N
12	pbkdf2_sha256$600000$8jACmacA5GCQjygXzarwhS$uCK5FwbTMEQLHrgpOS8KH/yqSdtFgGPiA9m1Bp120Cw=	2023-09-12 12:11:36.33598+03	f	rec3	Пол3	Получатель3	\N	RE	+79275555716	test@test.test		2023-09-11 10:45:07.545848+03	t	t	\N
7	pbkdf2_sha256$600000$FQmlj08bI10n07Mti9m130$NJwYc/Htt/JyU5RxsBAQtsaU/CYhY3UpWgnx1z7dPnA=	2023-09-12 11:40:41.094927+03	f	coord1	Коорд1	Координатор1	\N	CO	+79275555516	test@test.test		2023-09-11 10:40:43.998165+03	t	t	\N
1	pbkdf2_sha256$600000$SD8RuOQEAiTNR5znYdYMDM$tZEF//TuIZP1fZGREuO5Nx5Tft3ChvuK+LNM2rO1/f0=	2023-09-12 12:16:02.960242+03	t	admin	Админ	Администратор	\N	AD				2023-09-08 17:46:26.229133+03	t	t	\N
8	pbkdf2_sha256$600000$7NTpHoGhlAXRcD326hNgyg$3F/JJQ3UY5x4T7WipiXwxKJO682EZzjGZEWr7pwRa1c=	2023-09-11 16:50:26.125236+03	f	coord2	Коорд2	Координатор2	testmiddlename	CO	+79271112233	test@test.test		2023-09-11 10:41:53.290273+03	f	t	\N
10	pbkdf2_sha256$600000$ZGW7h7D2n2CRU8bXbrErXW$zt1zEmLc1GoO4PcxZLWknmrDatk/vtqR21sKe6LQzBY=	2023-09-12 13:04:29.690557+03	f	rec1	Пол1	Получатель1	testmiddlename	RE	+79271112213	test@test.test		2023-09-11 10:44:00.677045+03	t	t	\N
5	pbkdf2_sha256$600000$Og2kuzOLEdgmfW0nG3tBEo$0/9wUQ5sIHsXnnqGw7edWOFhWVO6Q7pwGi6LkWiXpKw=	\N	f	oper4	Опер4	Оператор4	\N	OP	+79275555554	test@test.test		2023-09-11 10:38:25.128216+03	f	t	2
6	pbkdf2_sha256$600000$fz5h4hUI3l2P4l6fT2QMun$lnEQ1aI69foWfbuNXHoiRYDHCcr9HqDyUC+L/+T7U8U=	\N	f	oper5	Опер5	Оператор5	\N	OP	+79275555556	test@test.test		2023-09-11 10:39:15.357775+03	f	f	2
4	pbkdf2_sha256$600000$0elaXk5vvwPInMtQbkhyUp$XLksNqsjAnbteaEHondkzNWTUjQTSoB54E/z7CsUMF4=	2023-09-12 12:09:26.29433+03	f	oper3	Опер3	Оператор3	\N	OP	+79275555553	test@test.test		2023-09-11 10:37:34.860716+03	t	t	2
2	pbkdf2_sha256$600000$VywhvT2nWkuUl7cEH71v3X$42vW/5E6rtOIeLPvBFKMoLHh+j/wwgOsePQZQwuoDIc=	2023-09-12 12:03:26.857346+03	f	oper1	Опер1	Оператор1	\N	OP	+79275555555	test@test.test		2023-09-11 10:15:18.708238+03	t	t	1
11	pbkdf2_sha256$600000$i7iQvMBB5ss7jG81SSkSfD$rov4ZL3fNPJwbb3Je27EAuElhL7rbS7l1PwwwuCsDYg=	2023-09-12 11:29:01.516458+03	f	rec2	Пол2	Получатель2		RE	+79271122213	test@test.test		2023-09-11 10:44:15.636474+03	f	t	\N
\.


--
-- TOC entry 3496 (class 0 OID 18412)
-- Dependencies: 233
-- Data for Name: Users_user_permissions; Type: TABLE DATA; Schema: public; Owner: postgres
--

COPY public."Users_user_permissions" (id, user_id, permission_id) FROM stdin;
\.


--
-- TOC entry 3484 (class 0 OID 18338)
-- Dependencies: 221
-- Data for Name: auth_group; Type: TABLE DATA; Schema: public; Owner: postgres
--

COPY public.auth_group (id, name) FROM stdin;
\.


--
-- TOC entry 3486 (class 0 OID 18346)
-- Dependencies: 223
-- Data for Name: auth_group_permissions; Type: TABLE DATA; Schema: public; Owner: postgres
--

COPY public.auth_group_permissions (id, group_id, permission_id) FROM stdin;
\.


--
-- TOC entry 3482 (class 0 OID 18332)
-- Dependencies: 219
-- Data for Name: auth_permission; Type: TABLE DATA; Schema: public; Owner: postgres
--

COPY public.auth_permission (id, name, content_type_id, codename) FROM stdin;
1	Can add log entry	1	add_logentry
2	Can change log entry	1	change_logentry
3	Can delete log entry	1	delete_logentry
4	Can view log entry	1	view_logentry
5	Can add permission	2	add_permission
6	Can change permission	2	change_permission
7	Can delete permission	2	delete_permission
8	Can view permission	2	view_permission
9	Can add group	3	add_group
10	Can change group	3	change_group
11	Can delete group	3	delete_group
12	Can view group	3	view_group
13	Can add content type	4	add_contenttype
14	Can change content type	4	change_contenttype
15	Can delete content type	4	delete_contenttype
16	Can view content type	4	view_contenttype
17	Can add session	5	add_session
18	Can change session	5	change_session
19	Can delete session	5	delete_session
20	Can view session	5	view_session
21	Can add department	6	add_department
22	Can change department	6	change_department
23	Can delete department	6	delete_department
24	Can view department	6	view_department
25	Can add group	7	add_group
26	Can change group	7	change_group
27	Can delete group	7	delete_group
28	Can view group	7	view_group
29	Can add user groups	8	add_usergroups
30	Can change user groups	8	change_usergroups
31	Can delete user groups	8	delete_usergroups
32	Can view user groups	8	view_usergroups
33	Can add user	9	add_user
34	Can change user	9	change_user
35	Can delete user	9	delete_user
36	Can view user	9	view_user
37	Can add location	10	add_location
38	Can change location	10	change_location
39	Can delete location	10	delete_location
40	Can view location	10	view_location
41	Can add event	11	add_event
42	Can change event	11	change_event
43	Can delete event	11	delete_event
44	Can view event	11	view_event
45	Can add Token	12	add_token
46	Can change Token	12	change_token
47	Can delete Token	12	delete_token
48	Can view Token	12	view_token
49	Can add token	13	add_tokenproxy
50	Can change token	13	change_tokenproxy
51	Can delete token	13	delete_tokenproxy
52	Can view token	13	view_tokenproxy
\.


--
-- TOC entry 3503 (class 0 OID 18514)
-- Dependencies: 240
-- Data for Name: authtoken_token; Type: TABLE DATA; Schema: public; Owner: postgres
--

COPY public.authtoken_token (key, created, user_id) FROM stdin;
ca946b25a7a9134e1460e75ba5dd5ff0b2111eb8	2023-09-08 17:46:26.36168+03	1
d57861d8b79041052e32a0faa1a457a9d34826a5	2023-09-11 10:15:18.841633+03	2
661e88c9f5c8b35fac20e6b1f4a2f4b31927a087	2023-09-11 10:30:29.070995+03	3
5db9c638a40db883fc437e9d26db92b4252baeeb	2023-09-11 10:37:34.994156+03	4
9de7e6697c5a3974306dbcbdf983cc248e0e41cb	2023-09-11 10:38:25.261509+03	5
e8ba7d6fe919b44acd9790ce6751055df283a6c0	2023-09-11 10:39:15.490773+03	6
dd10926b16085fc6976fcaa3f1dff51a8d75dc00	2023-09-11 10:40:44.128162+03	7
b8ea3a538b9d95d194f31b517754f298cfd95492	2023-09-11 10:41:53.42827+03	8
efb9e62eb84a916125ac5ac0cf75d2f3fbc60b29	2023-09-11 10:42:30.201758+03	9
a857d77d318b30991f8918fc63f5ae8ce40dba65	2023-09-11 10:44:00.810042+03	10
62f614b7b10208c56deea9e38065a1cd017a13b9	2023-09-11 10:44:15.771473+03	11
432388ac57e291cf700a338c97436744e0afad84	2023-09-11 10:45:07.68091+03	12
4d96dcf0c5da6bf300b69e8d15d1e1197051e3fb	2023-09-11 10:45:42.365669+03	13
e66fe2c4e41b8c46d285c35a0d7d9c21d6a881a1	2023-09-11 10:46:13.012995+03	14
\.


--
-- TOC entry 3502 (class 0 OID 18494)
-- Dependencies: 239
-- Data for Name: django_admin_log; Type: TABLE DATA; Schema: public; Owner: postgres
--

COPY public.django_admin_log (id, action_time, object_id, object_repr, action_flag, change_message, content_type_id, user_id) FROM stdin;
\.


--
-- TOC entry 3480 (class 0 OID 18324)
-- Dependencies: 217
-- Data for Name: django_content_type; Type: TABLE DATA; Schema: public; Owner: postgres
--

COPY public.django_content_type (id, app_label, model) FROM stdin;
1	admin	logentry
2	auth	permission
3	auth	group
4	contenttypes	contenttype
5	sessions	session
6	Minapp	department
7	Minapp	group
8	Minapp	usergroups
9	Minapp	user
10	Minapp	location
11	Minapp	event
12	authtoken	token
13	authtoken	tokenproxy
\.


--
-- TOC entry 3478 (class 0 OID 18316)
-- Dependencies: 215
-- Data for Name: django_migrations; Type: TABLE DATA; Schema: public; Owner: postgres
--

COPY public.django_migrations (id, app, name, applied) FROM stdin;
1	contenttypes	0001_initial	2023-09-08 17:45:08.129237+03
2	contenttypes	0002_remove_content_type_name	2023-09-08 17:45:08.133223+03
3	auth	0001_initial	2023-09-08 17:45:08.159135+03
4	auth	0002_alter_permission_name_max_length	2023-09-08 17:45:08.162127+03
5	auth	0003_alter_user_email_max_length	2023-09-08 17:45:08.165114+03
6	auth	0004_alter_user_username_opts	2023-09-08 17:45:08.168103+03
7	auth	0005_alter_user_last_login_null	2023-09-08 17:45:08.170097+03
8	auth	0006_require_contenttypes_0002	2023-09-08 17:45:08.171093+03
9	auth	0007_alter_validators_add_error_messages	2023-09-08 17:45:08.173086+03
10	auth	0008_alter_user_username_max_length	2023-09-08 17:45:08.176076+03
11	auth	0009_alter_user_last_name_max_length	2023-09-08 17:45:08.17807+03
12	auth	0010_alter_group_name_max_length	2023-09-08 17:45:08.182056+03
13	auth	0011_update_proxy_permissions	2023-09-08 17:45:08.184049+03
14	auth	0012_alter_user_first_name_max_length	2023-09-08 17:45:08.187039+03
15	Minapp	0001_initial	2023-09-08 17:45:08.252814+03
16	admin	0001_initial	2023-09-08 17:45:08.266767+03
17	admin	0002_logentry_remove_auto_add	2023-09-08 17:45:08.270753+03
18	admin	0003_logentry_add_action_flag_choices	2023-09-08 17:45:08.275739+03
19	authtoken	0001_initial	2023-09-08 17:45:08.284705+03
20	authtoken	0002_auto_20160226_1747	2023-09-08 17:45:08.297661+03
21	authtoken	0003_tokenproxy	2023-09-08 17:45:08.298658+03
22	sessions	0001_initial	2023-09-08 17:45:08.30763+03
23	Minapp	0002_event_end_event_group_id_event_start_and_more	2023-09-12 11:34:43.095869+03
\.


--
-- TOC entry 3504 (class 0 OID 18527)
-- Dependencies: 241
-- Data for Name: django_session; Type: TABLE DATA; Schema: public; Owner: postgres
--

COPY public.django_session (session_key, session_data, expire_date) FROM stdin;
\.


--
-- TOC entry 3510 (class 0 OID 0)
-- Dependencies: 224
-- Name: Departments_id_seq; Type: SEQUENCE SET; Schema: public; Owner: postgres
--

SELECT pg_catalog.setval('public."Departments_id_seq"', 2, true);


--
-- TOC entry 3511 (class 0 OID 0)
-- Dependencies: 236
-- Name: Events_id_seq; Type: SEQUENCE SET; Schema: public; Owner: postgres
--

SELECT pg_catalog.setval('public."Events_id_seq"', 5, true);


--
-- TOC entry 3512 (class 0 OID 0)
-- Dependencies: 226
-- Name: Groups_id_seq; Type: SEQUENCE SET; Schema: public; Owner: postgres
--

SELECT pg_catalog.setval('public."Groups_id_seq"', 3, true);


--
-- TOC entry 3513 (class 0 OID 0)
-- Dependencies: 234
-- Name: Locations_id_seq; Type: SEQUENCE SET; Schema: public; Owner: postgres
--

SELECT pg_catalog.setval('public."Locations_id_seq"', 5, true);


--
-- TOC entry 3514 (class 0 OID 0)
-- Dependencies: 228
-- Name: Minapp_usergroups_id_seq; Type: SEQUENCE SET; Schema: public; Owner: postgres
--

SELECT pg_catalog.setval('public."Minapp_usergroups_id_seq"', 13, true);


--
-- TOC entry 3515 (class 0 OID 0)
-- Dependencies: 230
-- Name: Users_id_seq; Type: SEQUENCE SET; Schema: public; Owner: postgres
--

SELECT pg_catalog.setval('public."Users_id_seq"', 14, true);


--
-- TOC entry 3516 (class 0 OID 0)
-- Dependencies: 232
-- Name: Users_user_permissions_id_seq; Type: SEQUENCE SET; Schema: public; Owner: postgres
--

SELECT pg_catalog.setval('public."Users_user_permissions_id_seq"', 1, false);


--
-- TOC entry 3517 (class 0 OID 0)
-- Dependencies: 220
-- Name: auth_group_id_seq; Type: SEQUENCE SET; Schema: public; Owner: postgres
--

SELECT pg_catalog.setval('public.auth_group_id_seq', 1, false);


--
-- TOC entry 3518 (class 0 OID 0)
-- Dependencies: 222
-- Name: auth_group_permissions_id_seq; Type: SEQUENCE SET; Schema: public; Owner: postgres
--

SELECT pg_catalog.setval('public.auth_group_permissions_id_seq', 1, false);


--
-- TOC entry 3519 (class 0 OID 0)
-- Dependencies: 218
-- Name: auth_permission_id_seq; Type: SEQUENCE SET; Schema: public; Owner: postgres
--

SELECT pg_catalog.setval('public.auth_permission_id_seq', 52, true);


--
-- TOC entry 3520 (class 0 OID 0)
-- Dependencies: 238
-- Name: django_admin_log_id_seq; Type: SEQUENCE SET; Schema: public; Owner: postgres
--

SELECT pg_catalog.setval('public.django_admin_log_id_seq', 1, false);


--
-- TOC entry 3521 (class 0 OID 0)
-- Dependencies: 216
-- Name: django_content_type_id_seq; Type: SEQUENCE SET; Schema: public; Owner: postgres
--

SELECT pg_catalog.setval('public.django_content_type_id_seq', 13, true);


--
-- TOC entry 3522 (class 0 OID 0)
-- Dependencies: 214
-- Name: django_migrations_id_seq; Type: SEQUENCE SET; Schema: public; Owner: postgres
--

SELECT pg_catalog.setval('public.django_migrations_id_seq', 23, true);


--
-- TOC entry 3266 (class 2606 OID 18384)
-- Name: Departments Departments_name_key; Type: CONSTRAINT; Schema: public; Owner: postgres
--

ALTER TABLE ONLY public."Departments"
    ADD CONSTRAINT "Departments_name_key" UNIQUE (name);


--
-- TOC entry 3268 (class 2606 OID 18382)
-- Name: Departments Departments_pkey; Type: CONSTRAINT; Schema: public; Owner: postgres
--

ALTER TABLE ONLY public."Departments"
    ADD CONSTRAINT "Departments_pkey" PRIMARY KEY (id);


--
-- TOC entry 3305 (class 2606 OID 18441)
-- Name: Events Events_pkey; Type: CONSTRAINT; Schema: public; Owner: postgres
--

ALTER TABLE ONLY public."Events"
    ADD CONSTRAINT "Events_pkey" PRIMARY KEY (id);


--
-- TOC entry 3271 (class 2606 OID 18392)
-- Name: Groups Groups_name_key; Type: CONSTRAINT; Schema: public; Owner: postgres
--

ALTER TABLE ONLY public."Groups"
    ADD CONSTRAINT "Groups_name_key" UNIQUE (name);


--
-- TOC entry 3273 (class 2606 OID 18390)
-- Name: Groups Groups_pkey; Type: CONSTRAINT; Schema: public; Owner: postgres
--

ALTER TABLE ONLY public."Groups"
    ADD CONSTRAINT "Groups_pkey" PRIMARY KEY (id);


--
-- TOC entry 3296 (class 2606 OID 18431)
-- Name: Locations Locations_name_key; Type: CONSTRAINT; Schema: public; Owner: postgres
--

ALTER TABLE ONLY public."Locations"
    ADD CONSTRAINT "Locations_name_key" UNIQUE (name);


--
-- TOC entry 3299 (class 2606 OID 18433)
-- Name: Locations Locations_phone_key; Type: CONSTRAINT; Schema: public; Owner: postgres
--

ALTER TABLE ONLY public."Locations"
    ADD CONSTRAINT "Locations_phone_key" UNIQUE (phone);


--
-- TOC entry 3301 (class 2606 OID 18429)
-- Name: Locations Locations_pkey; Type: CONSTRAINT; Schema: public; Owner: postgres
--

ALTER TABLE ONLY public."Locations"
    ADD CONSTRAINT "Locations_pkey" PRIMARY KEY (id);


--
-- TOC entry 3276 (class 2606 OID 18398)
-- Name: Minapp_usergroups Minapp_usergroups_pkey; Type: CONSTRAINT; Schema: public; Owner: postgres
--

ALTER TABLE ONLY public."Minapp_usergroups"
    ADD CONSTRAINT "Minapp_usergroups_pkey" PRIMARY KEY (id);


--
-- TOC entry 3281 (class 2606 OID 18410)
-- Name: Users Users_phone_key; Type: CONSTRAINT; Schema: public; Owner: postgres
--

ALTER TABLE ONLY public."Users"
    ADD CONSTRAINT "Users_phone_key" UNIQUE (phone);


--
-- TOC entry 3283 (class 2606 OID 18406)
-- Name: Users Users_pkey; Type: CONSTRAINT; Schema: public; Owner: postgres
--

ALTER TABLE ONLY public."Users"
    ADD CONSTRAINT "Users_pkey" PRIMARY KEY (id);


--
-- TOC entry 3289 (class 2606 OID 18416)
-- Name: Users_user_permissions Users_user_permissions_pkey; Type: CONSTRAINT; Schema: public; Owner: postgres
--

ALTER TABLE ONLY public."Users_user_permissions"
    ADD CONSTRAINT "Users_user_permissions_pkey" PRIMARY KEY (id);


--
-- TOC entry 3292 (class 2606 OID 18459)
-- Name: Users_user_permissions Users_user_permissions_user_id_permission_id_f5781f04_uniq; Type: CONSTRAINT; Schema: public; Owner: postgres
--

ALTER TABLE ONLY public."Users_user_permissions"
    ADD CONSTRAINT "Users_user_permissions_user_id_permission_id_f5781f04_uniq" UNIQUE (user_id, permission_id);


--
-- TOC entry 3286 (class 2606 OID 18408)
-- Name: Users Users_username_key; Type: CONSTRAINT; Schema: public; Owner: postgres
--

ALTER TABLE ONLY public."Users"
    ADD CONSTRAINT "Users_username_key" UNIQUE (username);


--
-- TOC entry 3255 (class 2606 OID 18375)
-- Name: auth_group auth_group_name_key; Type: CONSTRAINT; Schema: public; Owner: postgres
--

ALTER TABLE ONLY public.auth_group
    ADD CONSTRAINT auth_group_name_key UNIQUE (name);


--
-- TOC entry 3260 (class 2606 OID 18361)
-- Name: auth_group_permissions auth_group_permissions_group_id_permission_id_0cd325b0_uniq; Type: CONSTRAINT; Schema: public; Owner: postgres
--

ALTER TABLE ONLY public.auth_group_permissions
    ADD CONSTRAINT auth_group_permissions_group_id_permission_id_0cd325b0_uniq UNIQUE (group_id, permission_id);


--
-- TOC entry 3263 (class 2606 OID 18350)
-- Name: auth_group_permissions auth_group_permissions_pkey; Type: CONSTRAINT; Schema: public; Owner: postgres
--

ALTER TABLE ONLY public.auth_group_permissions
    ADD CONSTRAINT auth_group_permissions_pkey PRIMARY KEY (id);


--
-- TOC entry 3257 (class 2606 OID 18342)
-- Name: auth_group auth_group_pkey; Type: CONSTRAINT; Schema: public; Owner: postgres
--

ALTER TABLE ONLY public.auth_group
    ADD CONSTRAINT auth_group_pkey PRIMARY KEY (id);


--
-- TOC entry 3250 (class 2606 OID 18352)
-- Name: auth_permission auth_permission_content_type_id_codename_01ab375a_uniq; Type: CONSTRAINT; Schema: public; Owner: postgres
--

ALTER TABLE ONLY public.auth_permission
    ADD CONSTRAINT auth_permission_content_type_id_codename_01ab375a_uniq UNIQUE (content_type_id, codename);


--
-- TOC entry 3252 (class 2606 OID 18336)
-- Name: auth_permission auth_permission_pkey; Type: CONSTRAINT; Schema: public; Owner: postgres
--

ALTER TABLE ONLY public.auth_permission
    ADD CONSTRAINT auth_permission_pkey PRIMARY KEY (id);


--
-- TOC entry 3313 (class 2606 OID 18518)
-- Name: authtoken_token authtoken_token_pkey; Type: CONSTRAINT; Schema: public; Owner: postgres
--

ALTER TABLE ONLY public.authtoken_token
    ADD CONSTRAINT authtoken_token_pkey PRIMARY KEY (key);


--
-- TOC entry 3315 (class 2606 OID 18520)
-- Name: authtoken_token authtoken_token_user_id_key; Type: CONSTRAINT; Schema: public; Owner: postgres
--

ALTER TABLE ONLY public.authtoken_token
    ADD CONSTRAINT authtoken_token_user_id_key UNIQUE (user_id);


--
-- TOC entry 3309 (class 2606 OID 18501)
-- Name: django_admin_log django_admin_log_pkey; Type: CONSTRAINT; Schema: public; Owner: postgres
--

ALTER TABLE ONLY public.django_admin_log
    ADD CONSTRAINT django_admin_log_pkey PRIMARY KEY (id);


--
-- TOC entry 3245 (class 2606 OID 18330)
-- Name: django_content_type django_content_type_app_label_model_76bd3d3b_uniq; Type: CONSTRAINT; Schema: public; Owner: postgres
--

ALTER TABLE ONLY public.django_content_type
    ADD CONSTRAINT django_content_type_app_label_model_76bd3d3b_uniq UNIQUE (app_label, model);


--
-- TOC entry 3247 (class 2606 OID 18328)
-- Name: django_content_type django_content_type_pkey; Type: CONSTRAINT; Schema: public; Owner: postgres
--

ALTER TABLE ONLY public.django_content_type
    ADD CONSTRAINT django_content_type_pkey PRIMARY KEY (id);


--
-- TOC entry 3243 (class 2606 OID 18322)
-- Name: django_migrations django_migrations_pkey; Type: CONSTRAINT; Schema: public; Owner: postgres
--

ALTER TABLE ONLY public.django_migrations
    ADD CONSTRAINT django_migrations_pkey PRIMARY KEY (id);


--
-- TOC entry 3318 (class 2606 OID 18533)
-- Name: django_session django_session_pkey; Type: CONSTRAINT; Schema: public; Owner: postgres
--

ALTER TABLE ONLY public.django_session
    ADD CONSTRAINT django_session_pkey PRIMARY KEY (session_key);


--
-- TOC entry 3264 (class 1259 OID 18442)
-- Name: Departments_name_ed8eae9c_like; Type: INDEX; Schema: public; Owner: postgres
--

CREATE INDEX "Departments_name_ed8eae9c_like" ON public."Departments" USING btree (name varchar_pattern_ops);


--
-- TOC entry 3302 (class 1259 OID 18547)
-- Name: Events_group_id_id_f4e22b93; Type: INDEX; Schema: public; Owner: postgres
--

CREATE INDEX "Events_group_id_id_f4e22b93" ON public."Events" USING btree (group_id_id);


--
-- TOC entry 3303 (class 1259 OID 18491)
-- Name: Events_location_id_id_6fd7dfc1; Type: INDEX; Schema: public; Owner: postgres
--

CREATE INDEX "Events_location_id_id_6fd7dfc1" ON public."Events" USING btree (location_id_id);


--
-- TOC entry 3306 (class 1259 OID 18492)
-- Name: Events_recipient_id_id_ddb6b9b5; Type: INDEX; Schema: public; Owner: postgres
--

CREATE INDEX "Events_recipient_id_id_ddb6b9b5" ON public."Events" USING btree (recipient_id_id);


--
-- TOC entry 3269 (class 1259 OID 18443)
-- Name: Groups_name_b5b62d69_like; Type: INDEX; Schema: public; Owner: postgres
--

CREATE INDEX "Groups_name_b5b62d69_like" ON public."Groups" USING btree (name varchar_pattern_ops);


--
-- TOC entry 3293 (class 1259 OID 18480)
-- Name: Locations_department_id_id_ca12dcca; Type: INDEX; Schema: public; Owner: postgres
--

CREATE INDEX "Locations_department_id_id_ca12dcca" ON public."Locations" USING btree (department_id_id);


--
-- TOC entry 3294 (class 1259 OID 18478)
-- Name: Locations_name_f6551f92_like; Type: INDEX; Schema: public; Owner: postgres
--

CREATE INDEX "Locations_name_f6551f92_like" ON public."Locations" USING btree (name varchar_pattern_ops);


--
-- TOC entry 3297 (class 1259 OID 18479)
-- Name: Locations_phone_0c836064_like; Type: INDEX; Schema: public; Owner: postgres
--

CREATE INDEX "Locations_phone_0c836064_like" ON public."Locations" USING btree (phone varchar_pattern_ops);


--
-- TOC entry 3274 (class 1259 OID 18449)
-- Name: Minapp_usergroups_group_id_7e50c029; Type: INDEX; Schema: public; Owner: postgres
--

CREATE INDEX "Minapp_usergroups_group_id_7e50c029" ON public."Minapp_usergroups" USING btree (group_id);


--
-- TOC entry 3277 (class 1259 OID 18472)
-- Name: Minapp_usergroups_user_id_34a6d1a7; Type: INDEX; Schema: public; Owner: postgres
--

CREATE INDEX "Minapp_usergroups_user_id_34a6d1a7" ON public."Minapp_usergroups" USING btree (user_id);


--
-- TOC entry 3278 (class 1259 OID 18457)
-- Name: Users_department_id_id_690dd686; Type: INDEX; Schema: public; Owner: postgres
--

CREATE INDEX "Users_department_id_id_690dd686" ON public."Users" USING btree (department_id_id);


--
-- TOC entry 3279 (class 1259 OID 18456)
-- Name: Users_phone_504e9b79_like; Type: INDEX; Schema: public; Owner: postgres
--

CREATE INDEX "Users_phone_504e9b79_like" ON public."Users" USING btree (phone varchar_pattern_ops);


--
-- TOC entry 3287 (class 1259 OID 18471)
-- Name: Users_user_permissions_permission_id_7995fa19; Type: INDEX; Schema: public; Owner: postgres
--

CREATE INDEX "Users_user_permissions_permission_id_7995fa19" ON public."Users_user_permissions" USING btree (permission_id);


--
-- TOC entry 3290 (class 1259 OID 18470)
-- Name: Users_user_permissions_user_id_c976b39e; Type: INDEX; Schema: public; Owner: postgres
--

CREATE INDEX "Users_user_permissions_user_id_c976b39e" ON public."Users_user_permissions" USING btree (user_id);


--
-- TOC entry 3284 (class 1259 OID 18455)
-- Name: Users_username_c7f288a1_like; Type: INDEX; Schema: public; Owner: postgres
--

CREATE INDEX "Users_username_c7f288a1_like" ON public."Users" USING btree (username varchar_pattern_ops);


--
-- TOC entry 3253 (class 1259 OID 18376)
-- Name: auth_group_name_a6ea08ec_like; Type: INDEX; Schema: public; Owner: postgres
--

CREATE INDEX auth_group_name_a6ea08ec_like ON public.auth_group USING btree (name varchar_pattern_ops);


--
-- TOC entry 3258 (class 1259 OID 18372)
-- Name: auth_group_permissions_group_id_b120cbf9; Type: INDEX; Schema: public; Owner: postgres
--

CREATE INDEX auth_group_permissions_group_id_b120cbf9 ON public.auth_group_permissions USING btree (group_id);


--
-- TOC entry 3261 (class 1259 OID 18373)
-- Name: auth_group_permissions_permission_id_84c5c92e; Type: INDEX; Schema: public; Owner: postgres
--

CREATE INDEX auth_group_permissions_permission_id_84c5c92e ON public.auth_group_permissions USING btree (permission_id);


--
-- TOC entry 3248 (class 1259 OID 18358)
-- Name: auth_permission_content_type_id_2f476e4b; Type: INDEX; Schema: public; Owner: postgres
--

CREATE INDEX auth_permission_content_type_id_2f476e4b ON public.auth_permission USING btree (content_type_id);


--
-- TOC entry 3311 (class 1259 OID 18526)
-- Name: authtoken_token_key_10f0b77e_like; Type: INDEX; Schema: public; Owner: postgres
--

CREATE INDEX authtoken_token_key_10f0b77e_like ON public.authtoken_token USING btree (key varchar_pattern_ops);


--
-- TOC entry 3307 (class 1259 OID 18512)
-- Name: django_admin_log_content_type_id_c4bce8eb; Type: INDEX; Schema: public; Owner: postgres
--

CREATE INDEX django_admin_log_content_type_id_c4bce8eb ON public.django_admin_log USING btree (content_type_id);


--
-- TOC entry 3310 (class 1259 OID 18513)
-- Name: django_admin_log_user_id_c564eba6; Type: INDEX; Schema: public; Owner: postgres
--

CREATE INDEX django_admin_log_user_id_c564eba6 ON public.django_admin_log USING btree (user_id);


--
-- TOC entry 3316 (class 1259 OID 18535)
-- Name: django_session_expire_date_a5c62663; Type: INDEX; Schema: public; Owner: postgres
--

CREATE INDEX django_session_expire_date_a5c62663 ON public.django_session USING btree (expire_date);


--
-- TOC entry 3319 (class 1259 OID 18534)
-- Name: django_session_session_key_c0390e0f_like; Type: INDEX; Schema: public; Owner: postgres
--

CREATE INDEX django_session_session_key_c0390e0f_like ON public.django_session USING btree (session_key varchar_pattern_ops);


--
-- TOC entry 3329 (class 2606 OID 18537)
-- Name: Events Events_group_id_id_f4e22b93_fk_Groups_id; Type: FK CONSTRAINT; Schema: public; Owner: postgres
--

ALTER TABLE ONLY public."Events"
    ADD CONSTRAINT "Events_group_id_id_f4e22b93_fk_Groups_id" FOREIGN KEY (group_id_id) REFERENCES public."Groups"(id) DEFERRABLE INITIALLY DEFERRED;


--
-- TOC entry 3330 (class 2606 OID 18481)
-- Name: Events Events_location_id_id_6fd7dfc1_fk_Locations_id; Type: FK CONSTRAINT; Schema: public; Owner: postgres
--

ALTER TABLE ONLY public."Events"
    ADD CONSTRAINT "Events_location_id_id_6fd7dfc1_fk_Locations_id" FOREIGN KEY (location_id_id) REFERENCES public."Locations"(id) DEFERRABLE INITIALLY DEFERRED;


--
-- TOC entry 3331 (class 2606 OID 18542)
-- Name: Events Events_recipient_id_id_ddb6b9b5_fk_Users_id; Type: FK CONSTRAINT; Schema: public; Owner: postgres
--

ALTER TABLE ONLY public."Events"
    ADD CONSTRAINT "Events_recipient_id_id_ddb6b9b5_fk_Users_id" FOREIGN KEY (recipient_id_id) REFERENCES public."Users"(id) DEFERRABLE INITIALLY DEFERRED;


--
-- TOC entry 3328 (class 2606 OID 18473)
-- Name: Locations Locations_department_id_id_ca12dcca_fk_Departments_id; Type: FK CONSTRAINT; Schema: public; Owner: postgres
--

ALTER TABLE ONLY public."Locations"
    ADD CONSTRAINT "Locations_department_id_id_ca12dcca_fk_Departments_id" FOREIGN KEY (department_id_id) REFERENCES public."Departments"(id) DEFERRABLE INITIALLY DEFERRED;


--
-- TOC entry 3323 (class 2606 OID 18444)
-- Name: Minapp_usergroups Minapp_usergroups_group_id_7e50c029_fk_Groups_id; Type: FK CONSTRAINT; Schema: public; Owner: postgres
--

ALTER TABLE ONLY public."Minapp_usergroups"
    ADD CONSTRAINT "Minapp_usergroups_group_id_7e50c029_fk_Groups_id" FOREIGN KEY (group_id) REFERENCES public."Groups"(id) DEFERRABLE INITIALLY DEFERRED;


--
-- TOC entry 3324 (class 2606 OID 18417)
-- Name: Minapp_usergroups Minapp_usergroups_user_id_34a6d1a7_fk_Users_id; Type: FK CONSTRAINT; Schema: public; Owner: postgres
--

ALTER TABLE ONLY public."Minapp_usergroups"
    ADD CONSTRAINT "Minapp_usergroups_user_id_34a6d1a7_fk_Users_id" FOREIGN KEY (user_id) REFERENCES public."Users"(id) DEFERRABLE INITIALLY DEFERRED;


--
-- TOC entry 3325 (class 2606 OID 18450)
-- Name: Users Users_department_id_id_690dd686_fk_Departments_id; Type: FK CONSTRAINT; Schema: public; Owner: postgres
--

ALTER TABLE ONLY public."Users"
    ADD CONSTRAINT "Users_department_id_id_690dd686_fk_Departments_id" FOREIGN KEY (department_id_id) REFERENCES public."Departments"(id) DEFERRABLE INITIALLY DEFERRED;


--
-- TOC entry 3326 (class 2606 OID 18465)
-- Name: Users_user_permissions Users_user_permissio_permission_id_7995fa19_fk_auth_perm; Type: FK CONSTRAINT; Schema: public; Owner: postgres
--

ALTER TABLE ONLY public."Users_user_permissions"
    ADD CONSTRAINT "Users_user_permissio_permission_id_7995fa19_fk_auth_perm" FOREIGN KEY (permission_id) REFERENCES public.auth_permission(id) DEFERRABLE INITIALLY DEFERRED;


--
-- TOC entry 3327 (class 2606 OID 18460)
-- Name: Users_user_permissions Users_user_permissions_user_id_c976b39e_fk_Users_id; Type: FK CONSTRAINT; Schema: public; Owner: postgres
--

ALTER TABLE ONLY public."Users_user_permissions"
    ADD CONSTRAINT "Users_user_permissions_user_id_c976b39e_fk_Users_id" FOREIGN KEY (user_id) REFERENCES public."Users"(id) DEFERRABLE INITIALLY DEFERRED;


--
-- TOC entry 3321 (class 2606 OID 18367)
-- Name: auth_group_permissions auth_group_permissio_permission_id_84c5c92e_fk_auth_perm; Type: FK CONSTRAINT; Schema: public; Owner: postgres
--

ALTER TABLE ONLY public.auth_group_permissions
    ADD CONSTRAINT auth_group_permissio_permission_id_84c5c92e_fk_auth_perm FOREIGN KEY (permission_id) REFERENCES public.auth_permission(id) DEFERRABLE INITIALLY DEFERRED;


--
-- TOC entry 3322 (class 2606 OID 18362)
-- Name: auth_group_permissions auth_group_permissions_group_id_b120cbf9_fk_auth_group_id; Type: FK CONSTRAINT; Schema: public; Owner: postgres
--

ALTER TABLE ONLY public.auth_group_permissions
    ADD CONSTRAINT auth_group_permissions_group_id_b120cbf9_fk_auth_group_id FOREIGN KEY (group_id) REFERENCES public.auth_group(id) DEFERRABLE INITIALLY DEFERRED;


--
-- TOC entry 3320 (class 2606 OID 18353)
-- Name: auth_permission auth_permission_content_type_id_2f476e4b_fk_django_co; Type: FK CONSTRAINT; Schema: public; Owner: postgres
--

ALTER TABLE ONLY public.auth_permission
    ADD CONSTRAINT auth_permission_content_type_id_2f476e4b_fk_django_co FOREIGN KEY (content_type_id) REFERENCES public.django_content_type(id) DEFERRABLE INITIALLY DEFERRED;


--
-- TOC entry 3334 (class 2606 OID 18521)
-- Name: authtoken_token authtoken_token_user_id_35299eff_fk_Users_id; Type: FK CONSTRAINT; Schema: public; Owner: postgres
--

ALTER TABLE ONLY public.authtoken_token
    ADD CONSTRAINT "authtoken_token_user_id_35299eff_fk_Users_id" FOREIGN KEY (user_id) REFERENCES public."Users"(id) DEFERRABLE INITIALLY DEFERRED;


--
-- TOC entry 3332 (class 2606 OID 18502)
-- Name: django_admin_log django_admin_log_content_type_id_c4bce8eb_fk_django_co; Type: FK CONSTRAINT; Schema: public; Owner: postgres
--

ALTER TABLE ONLY public.django_admin_log
    ADD CONSTRAINT django_admin_log_content_type_id_c4bce8eb_fk_django_co FOREIGN KEY (content_type_id) REFERENCES public.django_content_type(id) DEFERRABLE INITIALLY DEFERRED;


--
-- TOC entry 3333 (class 2606 OID 18507)
-- Name: django_admin_log django_admin_log_user_id_c564eba6_fk_Users_id; Type: FK CONSTRAINT; Schema: public; Owner: postgres
--

ALTER TABLE ONLY public.django_admin_log
    ADD CONSTRAINT "django_admin_log_user_id_c564eba6_fk_Users_id" FOREIGN KEY (user_id) REFERENCES public."Users"(id) DEFERRABLE INITIALLY DEFERRED;


-- Completed on 2023-09-12 13:05:30

--
-- PostgreSQL database dump complete
--

